date,EquitySpot:AAPL,EquitySpot:MSFT,EquitySpot:NVDA,EquitySpot:SPY,EquityVol:AAPL,EquityVol:MSFT,EquityVol:NVDA,EquityVol:SPY,RateZero:USD:0Y,RateZero:USD:2Y,RateZero:USD:5Y,RateZero:USD:10Y,FXSpot:EURUSD,FXVol:EURUSD
2022-01-03,-0.0079908830195241278,0.018424831568213253,0.00071330521459019188,-0.013004910395072618,0.034335515662576796,0.005093797983840331,0.051052059411465442,0.063170723511632887,-6.5689226640767897,-4.7624429269096789,10.038193976469056,-2.6546060004742533,-0.00073715797741943402,0.0013907890761213502
2022-01-04,0.019246100247477554,0.011294464289594403,0.014602114131289999,-0.011654280085148863,-0.042201085651670328,0.063896274134222039,0.093486674668325415,-0.14792054787588702,-2.2369971312847636,7.1386052839046803,5.6106975762045401,-2.2159767471096301,-0.0055270953651172074,0.025590475147241561
2022-01-05,-0.0055108041665252062,0.039931931161231005,-0.006463918407592242,-0.0014091454997126258,0.0252176574976915,-0.030868149067691895,0.0079505927839992573,-0.032179989662513668,-8.6805878936744101,-11.2273564736056,1.60013234831485,-1.0103199843880999,0.00089546501508146355,-0.0543467098230603
2022-01-06,0.027972644686978229,-0.00054130567330921866,0.011550294977543542,0.0020611180460014819,-0.082545706261198434,0.02868836855510869,-0.076899304991835213,0.037514359320597074,2.9795410165565364,-4.8249451164555088,2.9820301863369276,-8.09680890799509,0.00059533676777259812,-0.015988114417124517
2022-01-07,0.012335006480091049,0.016931095173031933,0.0017862307550527885,0.015461708265218222,0.016616658486503642,0.14898873780504571,-0.081161368039343693,0.047510596964974575,-7.3982138579798917,3.5461444662055861,-1.6721210705263261,1.3718021420760975,-0.00048487627757694366,-0.1071362578395612
2022-01-10,0.0089775070750513948,-0.00043268209951687368,0.015689772942324747,-0.0068074398711364956,0.075209687141338397,0.009853720505079152,-0.022307425802076043,0.042764711358692302,1.0489735584343702,-0.049013380024806229,3.7077536911204092,-7.2463567852498629,0.0016252940271296635,0.019486824388338542
2022-01-11,0.003949996640570717,-0.023180951002511607,-0.0038750312103633089,0.0018970452158254545,0.012232305950000641,0.032202765026395713,-0.047181441435651207,0.09679987617428544,-2.4358023049471065,-3.2803264821271041,-10.199739701443198,9.079654090710175,-0.003454238263023593,0.069264922597123163
2022-01-12,-0.024716406622089841,-0.022835069971009241,-0.0098199515283793962,-0.01059454358541068,-0.0083544191814465662,-0.10937690892407091,0.019136487717516453,0.02405546040879069,6.4263164440033362,7.0459619929904544,2.3647202507410179,-5.3324072685922905,-0.0050380673493756354,-0.077961005944712086
2022-01-13,0.0034169822531701062,0.0018419186149594264,0.0039830929363554486,0.014604659122541009,0.036758232597561842,-0.10263117727356967,0.03124350201852032,-0.014637152831859348,-9.2046626082698495,-0.81687170164211398,-5.6119603969385992,2.8037888133134796,0.0041922707672753714,-0.070681117554304604
2022-01-14,0.013701137149803937,-0.013857556860905236,0.0043175306404868328,0.018944389538178466,0.17414241655059512,0.045098842032867653,0.0047452920255653787,0.073110899784824324,0.73979689113773994,-2.338405163365989,7.0883893575645534,16.497272313297344,0.0070491741533079289,0.024232690183087408
2022-01-17,-0.0064713695108673374,-0.023572763004540857,-0.0075147842927622078,-0.027738138507650258,0.068795476422025797,0.072997807477282128,0.012545156288116196,-0.026691368551554937,3.4719869757801916,1.1458392018914194,-2.3362414302095411,-0.70934242251102386,-0.0096898538356305578,-0.0639169227013167
2022-01-18,0.0060858047825632401,-0.0027220485906732025,-0.0031577584333540177,0.032047393872885653,-0.0057202285422912821,0.050136105626923798,-0.16924572626455334,-0.063579923511606726,-1.8354096055514257,-10.322648717235628,-3.3382830083737054,-6.5957647484626527,0.0053124145804041715,0.0066098499793210523
2022-01-19,-0.013799819634405673,-0.028757362099073813,0.014989445374111864,-0.00041525530608715346,0.058460061549637156,0.041004567333517691,0.047634967570867881,0.053774213151454774,15.819103315732294,0.63995773268088785,5.8067295799472305,4.9063712050372921,-0.0023096425698799286,-0.05262530471106458
2022-01-20,-0.0067231514523707755,-0.0024735716752096581,-0.0208843074052017,-0.0089328882864049015,-0.032640049852980371,0.0023078096882906763,0.0010635356780748276,0.0549161671363642,2.6170486351686977,-6.504004200341134,-0.94818843599109237,-1.255362425696706,-0.0066837051221815234,0.039215863805441203
2022-01-21,0.0070169620667008738,-0.014116343772630126,0.00018981929370692427,-0.011688433738390239,-0.10920657211867005,-0.047570976092865695,-0.03631049919252427,-0.11683842350365095,-6.5616672538277241,5.3541802117348629,-2.6240645004092356,-9.1725164278088247,-0.0083521195860290481,0.01701739740052436
2022-01-24,-0.02165184415511396,0.02007604171184629,-0.0050847513113447445,-0.0025488033333415918,-0.02694313836055701,0.046215319608597837,-0.0205000066811288,0.0056272838677285247,18.353769996091415,-9.3469374659308802,-3.7009615598495573,-2.6569307822083359,-0.0039075369250643902,0.050479068245352289
2022-01-25,-0.0078061241279786574,-0.013566207971922661,0.0025058189486595588,0.015824752445197036,-0.044373442404983247,-0.032674189439282783,-0.00033548486929854394,-0.044075014126332218,-2.5475606338450358,4.5745005393550651,-8.7529693799766939,-7.2185614244064942,-0.008201539147706877,-0.12067526172759131
2022-01-26,0.019530997967777689,-5.6577521565549603e-05,-0.0066508194035909025,0.021728797754512547,0.022543645172288147,-0.089450394704911493,-0.076154094398188099,-0.10240797546406377,6.1568299111061942,-5.9686611373741538,2.5104259587663647,-7.5291758782653355,0.0077175094802238173,0.035725673485866402
2022-01-27,0.0095870880872512866,-0.0012886499944132766,-0.0074342799006744112,0.0060359787633059011,0.066576781119392067,0.098679302583766448,-0.10946991365043957,-0.075050718375427899,3.4832211664619059,9.1187167480304083,-2.3896323585618591,3.660175912075716,0.0012643957297033303,-0.052089823020356432
2022-01-28,-0.01973083398710972,0.003640673652722038,-0.01697635114439687,0.0049366750570944825,0.011942319921917292,-0.05317888377289233,-0.048207472240456267,0.0050294900492474136,8.8032608434875463,7.4999012262791833,-1.2075806844072705,-3.7900473720754753,-0.007991876649493232,-0.018318208444661647
2022-01-31,0.0025687645702151089,-0.01443838754322148,-0.023973967126313923,-0.01088001058234957,0.006011854821009811,-0.0064469149377498289,-0.043834958252315259,0.01635646780482683,6.0035521039069026,2.5856528160050547,4.8120732556126793,-0.48137557666942732,-0.0019806174901689571,0.034599207555125612
2022-02-01,-0.0001201681234236082,-0.004873296025015599,-0.0086631355251901507,-0.0059999406957821199,0.074248122887917961,0.086946464325412406,-0.026580233657438779,0.070492031633370589,-0.33058343686480862,-1.3659196397013877,3.6664457008535161,5.7857039309817999,-0.0015708982040455103,0.026616328218543529
2022-02-02,0.0033826303420185825,0.016010305983779994,0.0018760336013006161,0.015283254174268896,-0.052001587692027805,0.032085229025199252,-0.075316427747952594,-0.070399422419421639,-5.2673753390346798,4.7908360406662691,-4.9264090990516642,1.2097958298260578,-0.010851199556692287,-0.067775541191258504
2022-02-03,0.004532255622431266,-0.0052380055950032598,-0.0048587289794849312,0.019338381760942831,-0.18042429890732592,0.14205931020691817,-0.037454135330934286,0.017786149578151906,-7.2298022928493815,0.079621340796505763,5.0275513249472388,-6.920131040106404,-0.0016587886121768793,-0.028646874244020328
2022-02-04,-0.005151872731878007,-0.0047294184480718557,0.023973624169469996,0.0055010115248171941,0.10787727248407333,-0.011961038667267198,0.061948592150378824,0.038882203778382834,15.747269170898623,3.5920374905332793,-4.0055861360970972,1.9404843865957222,-0.0016669144652900821,0.16825135774139896
2022-02-07,0.0029846270819680388,-0.011396557805106566,-0.010851291721062003,0.0047628081679663183,-0.035815482977752527,0.064141566774412156,0.061599621175817972,0.011740824742935217,5.482392237650564,7.5672285173325147,-3.0065722317538022,10.836769651205893,0.0083309909321890863,-0.011945146799043724
2022-02-08,-0.011076132188998286,0.0099214129080869764,0.005414531220454869,-0.0074751619334732181,-0.034369865859094476,0.084236801130658651,-0.14478363487649901,-0.033551124860714723,13.049487967674581,-13.496003251713407,-4.3252978379578542,-3.964898818858944,0.0076017790799348837,-0.130258463352625
2022-02-09,-0.026194327039320259,0.016296700764426061,0.0072105768739475426,0.006790314988825181,-0.070956779289847935,0.046634476595495147,0.063733170446509085,-0.090519043788573811,8.4938639000312168,7.3267993746763302,-1.0763086824393282,5.5134746118245737,0.0072609180061788767,0.039025755066422974
2022-02-10,-0.0041971493476684702,-0.010201722837066008,0.010369186154445095,-0.016838302379176599,0.00012261865674266571,-0.070686398564326944,-0.026313504144519516,-0.021667635623167602,-3.2582263988267997,-10.771892234969787,0.77159436715280427,6.9718475254337191,0.0018602476423464139,0.10009166707266486
2022-02-11,0.0010904230374424084,-0.0062831172093539426,0.010569600311041668,0.0092892816554276132,0.10034014797937085,-0.013791089067348238,-0.11039955612588134,-0.086246334582852191,-2.5157776142132935,-6.4988675496784261,-3.6715605683972874,-1.6449363462319886,0.0037519467571013859,-0.032351619371133553
2022-02-14,0.003877108277314772,0.0069687394430303588,0.0041220103534969667,0.0052362467809475045,0.095551529439990748,0.072412217872132659,-0.023430427723667113,-0.01494567942401656,12.230693817992455,12.632444863997456,6.684990096882375,-0.11823860380679406,-0.0073742143641178102,-0.014135532823780907
2022-02-15,-0.019996049152932356,-0.0046828813295472348,-0.0045341033541682618,-0.015239151848915068,-0.05753755487198127,0.054127197445118985,0.021448439839459037,0.06659158301412553,2.8420042363140823,8.6365267422843246,7.3495348759641717,0.98019346145123576,-0.0037589735588644041,-0.052972714928477049
2022-02-16,-0.0056442406999001569,-0.00018497951238317188,-0.014857133899851646,0.020575391494345931,0.018215643170358939,0.099648982698884628,-0.035766437869684503,0.074488836431887237,4.0514303771355724,-2.7282992846078225,8.0285551648153017,11.847857254816326,0.004086577894401598,0.10178941947644364
2022-02-17,-0.00031918042084315684,0.0099038983657905311,0.0020630104665334734,0.00057211940296384269,-0.015153961286048005,0.027460809284667379,0.057324164863850696,-0.026179573242203595,-5.7085616128393859,-13.757850651451488,6.4906671254426138,-0.69166267832183559,0.00076046783950059406,0.073276272831730896
2022-02-18,0.0036737250953923729,0.0049946313478551755,0.0033271026850257034,0.0043565741619114957,-0.064724838656094366,-0.046719785747140988,-0.040056273511265318,-0.047657464488208602,0.71496706551407796,13.353183180266482,-2.2233115390891709,16.457211126164534,0.012150553477647361,-0.053098782537889369
2022-02-21,0.0031131811391014591,-0.014039818514782636,-0.0033114725329680258,-0.0067681370553691108,-0.013540820353122627,0.03699880237940173,-0.0070168240567550066,0.070822598303443396,1.9695710435702749,-8.0628173797796094,5.6014085061793626,-0.72959036261543975,0.0019008783902341045,-0.011302234237046412
2022-02-22,-0.0023792386664642207,-0.0063240057801865852,0.014937046751827564,0.003515832207396056,-0.039180176348303973,-0.028209351539691764,-0.018840775450476115,9.3509315601857272e-05,2.2142488221628618,4.7107180564092044,-2.9104324022447376,-0.97636248567601891,0.0024528656217202398,-0.052227145307547254
2022-02-23,0.014068745045008671,-0.0040682926615683793,-0.0050530065457501782,0.0072552109212364515,0.012614440421607672,0.074843566728877917,-0.061560284124505801,0.040579022351536938,-1.7073856972213985,3.5536312284315494,-0.4440212335778998,3.6679314413887818,0.0039264858276634894,-0.035529322389075593
2022-02-24,0.0088677912487837435,0.013519323677762221,0.012254104840111486,-0.010594765384775193,0.23710253166805348,0.040045752326787379,0.011642859497925265,0.026190683624819591,-8.9616296902486958,-4.3147904136597202,-9.3111629747675195,7.9828018854029956,-0.0016498876980002828,0.042418199479585049
2022-02-25,-0.018099234651023744,0.0095554936726600318,-0.0083672599768560667,-0.0013552824512148851,0.027111078139387627,0.039572747447163041,0.077401796000284295,-0.046419156695694776,-4.436885284947004,11.463148598780105,0.079421059901220406,-5.1115624430379887,-0.003822791810989427,-0.11261950005464967
2022-02-28,-0.024220006489184546,-0.0031832473138307996,0.0032540780808259029,0.0086434571833300649,-0.0050721466712340488,0.010781378559032353,-0.071975820396953757,-0.0022672774514674848,-3.0271851012417694,-7.0749092051549027,6.0950110630174255,-12.587413946508136,0.0026908760198655285,-0.01191369186499695
2022-03-01,0.0091000181847810824,0.010307065991705187,-0.00068230197981864838,-0.0095945019617532275,0.087676732703372909,0.021348640105795631,-0.00143949121453877,-0.041222454187535354,-2.5808145350147651,-5.873294814450067,-5.8813965310472502,19.927267106913078,0.0037890706377998423,-0.018624521939984918
2022-03-02,0.003130131461864995,0.0017178384391004402,-0.0041810690789456763,-0.013100507528575788,0.067705546805762892,-0.011551422619514602,0.042224043743837071,0.074965836295712837,2.6916108133126424,8.7140448020946106,13.486319980380314,-3.2591732847028863,0.0067229958647142974,0.0058559772963965064
2022-03-03,0.022345355662971234,-0.0011370182541404017,-0.002063415022624577,-0.011912883333262094,0.035187050384182968,-0.021517171053730182,-0.011676832277642834,0.033288423710659508,7.3882036720694071,16.732463141007688,-13.966428455964357,22.266040218574783,-0.018167512649567504,0.07318445663941249
2022-03-04,-0.023888344487423878,-0.010918780051030683,0.014624994750126061,-0.011831785631336154,0.040936816131298515,0.13108835443082714,-0.021075103607438864,-0.023922900179468617,9.4454485098411141,-0.40628495762383721,-17.177536815001027,2.1401334075715743,-0.0027209598629125793,-0.0032959363941847944
2022-03-07,0.0057961208287773073,0.0010610565640442884,0.0054593112524914311,-0.0053513521852068448,-0.1399893343045843,0.005885070723623733,0.036101409155894409,-0.035340180287380896,-6.659018449342355,6.5151149823000658,7.2768344186439462,-0.42906287683346461,-0.0043539187720253412,0.01638543375867911
2022-03-08,0.0032723623094262199,0.025883088429198446,0.0040329669752436062,-0.00077807679882447103,0.0092012247117846755,-0.0069953741332319189,-0.018132849712917544,-0.0021788968957497414,2.569483112879563,-6.5033506358724891,14.747880705186592,-9.9743668946883997,0.0051946726114405007,-0.0018723798397783269
2022-03-09,0.013651465676946759,0.022222076130061157,-0.010689120728039174,-0.0065902462056627266,0.0077230621358152013,-0.013249986757504851,-0.00057390886381101722,-0.043923987418230531,-6.1274986276761778,-10.630355343596314,-3.2448740726202296,-2.1818476631525487,-0.001892290570441711,-0.044277620994156858
2022-03-10,0.01861823049418207,0.029579001744333047,0.0066237056104212913,0.029460362348703726,0.07399467061335227,0.061411543387638226,0.11060786873551146,-0.14373851393203438,8.8716722367224889,-10.703676737019203,4.8509735469422619,-15.314385841527844,0.0093626731869257251,-0.070473813259744111
2022-03-11,0.0044500441959385737,0.019822276314917234,0.013843091440105437,0.010107248950564791,0.020969463175926528,0.024262777386755602,-0.0031559260255959055,0.016780414959025377,-1.2446963092129646,-6.29844372876551,1.7285218461023977,-1.5459617603236251,-0.0017624052304893224,-0.034939933265220616
2022-03-14,0.016266844503601871,0.02056931015564498,-0.01235057499166128,-0.0092403709121238204,0.086307751952839698,-0.052267688291742616,-0.03430947019646842,-0.082750020877058267,1.4086503457683506,-4.458638828273549,-5.1469375968842952,-12.165356636713293,0.0089167074176087439,0.022714090345996592
2022-03-15,-0.0070578240270537107,0.0030327251123912565,-0.012025497560449763,0.00056379694600495892,-0.063720928478537761,-0.076602841051331874,0.039973156426917858,-0.03268768453059883,-1.7095304626577126,3.2150002818784342,5.5873960659334783,2.900434489700797,0.0081106241303254712,-0.0078594888272231437
2022-03-16,0.0020599395296438685,0.017425934138577893,0.017331436262937115,-0.0028525579113335537,0.073397448221947881,0.065935870590744294,0.027348801640828303,0.06820462809121533,-3.062175143632087,0.6945926126577856,8.1148015727872966,-4.6945789379186067,-0.0027971903234543481,0.042022465425510615
2022-03-17,0.015389992296344059,0.014759457097381997,0.010561603579036455,-0.0089762381932715317,-0.0072674417935571561,-0.05564677535680812,-0.043252019368414621,-0.086001523706092611,5.3392835440651529,-7.2459924403783837,5.1940672428229231,4.3581381564722381,0.0048197534471831997,0.067346125558889483
2022-03-18,0.00030455027533847251,0.018337113962487894,0.015654997786467492,-0.0009829949248303597,-0.058315437352277497,0.010890556981074202,0.010538069762865563,0.00059654655073934474,1.850310887117772,-10.727173882932274,7.6077243258152372,7.8989921679537893,0.0063574958232448459,-0.020448837843905693
2022-03-21,0.016746720581865399,0.021503002305762169,-0.0086101028408559176,0.0064376263835799223,0.034157435694538579,0.089958358350076678,-0.11002031770960875,-0.051175702810684086,-8.7728799955678429,13.847248636524004,9.1507303287161488,2.1104662070798539,0.0054705775970985554,-0.093305944835676766
2022-03-22,-0.011936317507378036,0.015440464633425958,-0.00057378908397495243,-0.0064596842304415715,0.10943395354784535,-0.093771103487159613,-0.044560048287063385,-0.07684688346582659,10.266102522017302,6.8544657552173156,-6.5614956599274974,9.7749024400855582,0.003621503084166968,0.039947681640910893
2022-03-23,0.013190970140676352,-0.016916224295108979,-0.0024330600603734548,0.00377422680291175,-0.11175581338088954,-0.10442470607904648,-0.010278188159130489,-0.033784190642950171,1.8808495689983102,0.67746137320623134,-2.9907263155298871,-7.1411437899981154,-0.0012030675848930584,-0.10920855435722923
2022-03-24,-0.016608454275590621,-0.0038322682308440897,-0.0012243339321002919,0.0093919321330217902,0.053907871699052166,0.030537182986609263,0.0040354288609795105,-0.06577069653619376,-3.3944604720941953,3.5670311623011912,-2.4702733115391813,5.4496488145801827,-0.0080816506253259934,-0.020835586751604841
2022-03-25,0.01323893900856116,0.021541870495193703,0.021030263194336943,0.0084701238014329456,-0.045751939451305672,0.10267234237831566,0.095899374183743738,0.1240956060298827,-8.423878643051685,-6.1818199043713715,9.2785469841305392,-2.863879412343008,0.0004155927945645519,0.10942177091238479
2022-03-28,-0.0037382047713494953,0.016127618276210315,0.0092330782235633367,-0.0093004217826002603,-0.032713616240500759,0.080199232858929423,-0.081977433041832748,0.035830914109910177,4.8141439986984578,-2.8339925982101914,0.71800721447996563,8.2724854934040213,-0.0071636481895634221,0.019723297358402385
2022-03-29,0.016358797965444857,-0.012397958488128103,-0.0055169132413368707,0.0002733948624290444,-0.055831107266514871,-0.061034861714477105,-0.075755859472871126,0.057618742112937701,-1.7058800882165768,10.009980040189742,8.2068947812700657,6.7492556232063912,-0.0055373478801886327,0.064644267615614232
2022-03-30,0.01542710879941284,0.0038867483196778959,0.00075987129082619523,-0.0020681511660784317,0.046651486641360658,0.012495927221917833,0.063691013402632682,-0.11034253159780524,7.1125178927474337,4.9850947272059933,4.8020053211907623,-8.6436926419522226,-0.0064801535416221558,0.13465143692165193
2022-03-31,0.025337384506940338,0.043812321234302593,0.0011879807714842341,0.019697511606419953,-0.014698396753535448,-0.0092887570378469165,-0.06750980476979071,-0.072679006284605996,-1.2496098856134572,-9.1633090789006602,-2.266396566436097,8.2162941693807383,-0.006181200398663397,0.16063375465920429
2022-04-01,0.0024438374765717529,0.0039843497186389781,-0.0059059281509735665,0.021273672298348745,0.013178612035443911,-0.15838255010372332,-0.078635746165904796,0.14478567587598931,3.6079073832848718,-0.38138534795727885,2.1875162834241846,-8.1226154641819548,0.0058440711544176837,-0.06668689666065028
2022-04-04,-0.008991669840350441,-0.019097797084822014,0.00029423579697956113,-0.019268314678427902,0.081176877872131917,-0.065672081699219814,0.01740912426771659,-0.078535457661892488,7.6132605750359374,-5.8610388651807011,-9.0112654811099482,-8.0085480120387693,-0.0024953696319516788,-0.039099684936143429
2022-04-05,-0.029505882561352236,-0.014945158705268169,0.0027195490632042321,-0.015365094393790754,0.0046202022786391008,-0.089028776009808394,0.11470542699937354,-0.042522390727079293,-2.3357510920070768,-3.6687637393697008,-6.6435128653322968,-5.2633581601606831,-0.010058692492395153,-0.094712908540401985
2022-04-06,-0.0046907037961161618,-0.002285192102289277,0.019548038732547617,0.015975941952751246,0.088112862677962145,-0.0082673556075377481,-0.094006234211939488,0.018734904734619161,-6.0913015920961318,-9.9458751512095809,10.101297056620767,-3.4304776963222898,0.0065807089447932057,-0.030637759175866312
2022-04-07,0.0041433922655967851,0.0052400469760299035,-0.00040238151411571034,0.014212009150131251,0.039504667878816478,-0.038850688819269515,-0.047867910775276711,0.16512271655501717,-9.8556422178630196,-3.7006903379676532,8.9616075880577029,4.6066829234096822,0.00017562899950663842,0.13358965487293054
2022-04-08,-0.0058131282039097561,-0.0070795609486027601,-0.0052036018335437934,0.01143975189217405,-0.11777971510555461,0.059180663662213667,0.079847581790554803,0.078980839998198993,-0.37895889777737851,-0.7500579434559258,-0.54263673170903259,6.2596713561980684,0.0057899937959246328,0.0091945570785030226
2022-04-11,-0.0067142128775648747,0.0025563672362214902,0.014860575637453736,0.012051136954448751,0.065723140408377831,0.005295839533097031,0.049741219054947494,0.021370872228351184,-1.7119972892369195,10.23062001431243,17.457422604660955,1.7494819249668758,-0.0099809917214554195,0.010643942736401088
2022-04-12,-0.0061511409886980881,-0.0033185372246924238,-0.0017167334267116168,-0.0093583123021487059,0.036162738577749175,-0.13349592095976831,-0.0074416028419545662,0.12957876484631028,3.4489235421669973,-5.2807044781573937,12.012000341214444,1.0593246697105467,0.0056313227216175906,0.013771368593732795
2022-04-13,0.0094619346267479885,-0.012195018016704711,0.0082188675041648795,0.0059684754021588522,0.093380207754666919,-0.057858857431761432,-0.044553581152614423,0.020981354444709319,5.7471791532249208,6.5566323504488508,-7.0628250740634364,-8.4517791327597038,-0.0044863696311761942,0.10806002705393807
2022-04-14,-0.012169899237198812,0.015324700758563946,-0.035081835132359199,-0.025313791075957982,0.067088402893411753,-0.051229737405615726,0.0047160099772681893,-0.06840644179289912,6.1064734804780088,-3.6861448898243809,-9.9538333526458924,-7.8719461511688298,0.0053107360375616456,0.055106690728063304
2022-04-15,-0.0086784005304976659,0.0016865176902401964,9.2649251245124667e-05,-0.0030893313823152943,0.064616758065887042,0.014037576195383466,0.19867181924587857,-0.10342563678838816,-3.6332481454817889,1.0794376722244967,-6.5966925917193837,-1.1879679825981178,-0.0082094497520289918,0.024905707743789637
2022-04-18,-0.013606371512014371,-7.8762413357792591e-05,-0.007976730187908853,0.013008542633400861,-0.010761586754802415,0.029064575295468464,-0.089382137201866135,-0.018373840861927674,12.916598934155649,13.845844743774133,-3.6105740687869723,-3.1230778677468307,0.0011357193219744253,0.051517666255455188
2022-04-19,0.00025172849616740431,0.0066061898302897278,0.0055470424990053955,-0.012960235162018328,-0.082615101996723006,0.016169541201994611,-0.063517443670690094,-0.03739445487282448,2.1653999319374986,-5.5137067057238776,-1.1405030937381617,-2.8173922814455694,-0.0021119846128038206,-0.035682276100257544
2022-04-20,-0.012156488345472631,0.0034111193892594422,-0.00013085548575652843,0.016663893557537016,0.041470395184507104,0.00071527612238589085,0.036065960109974447,-0.01565328312241376,-4.8364026068547048,-5.5773390414791217,-11.131029711053859,-7.2810921114024261,0.0014284410642370902,0.035488600922378835
2022-04-21,0.015709827523174024,0.020699952188225016,0.00069741664330356999,0.0082208124730686685,-0.086690219470140967,0.048642933440031545,-0.055754988698182406,0.14773165152389034,1.7300784094934147,4.0960237283465855,-2.2706108883748772,-7.6070474668421815,-0.0050312779753450441,-0.17424795298191972
2022-04-22,0.041762670346206295,0.0018138342205835398,-0.027348060007484746,-0.016717698879074046,0.078526209356850493,0.0094666672373605182,0.031710023873855263,-0.025386534092403205,-2.7102389399457705,-5.5436817292569032,-11.975801666944378,20.430212178442634,0.0025055087408448152,-0.052452962729275361
2022-04-25,-0.0015242217165815787,-0.00029604543674184656,-0.0080504820283931501,0.0101815977881298,-0.012143719363445691,-0.10495775956683397,-0.04768422294126877,-0.10514276999796722,4.3019331348389738,-2.2474901777928213,-8.5438319012361159,2.4739404081104244,-0.0063012331098789764,-0.024308292293711366
2022-04-26,-0.021485099078001193,0.020509474701494966,-0.010607101908772107,0.0029306969600719469,-0.096062846118813675,0.032194307559256161,0.049183636527444355,0.15993055694367111,6.0599955383862749,-13.378616892850772,-8.2541763414469571,-5.3811791566416138,0.0032664525322585133,-0.038071428105923996
2022-04-27,-0.00089673825129961296,0.005144988661569214,-0.00425531579771978,-0.012480503872478833,0.023879044391645152,-0.061376821230793917,0.076698090001585895,0.045006504581599022,1.0722034897386561,4.1305661154762232,3.4665848049014492,8.3170516409148405,0.0084132060736023771,0.16959011829959136
2022-04-28,-0.0034023210805958107,0.0041025457514571005,0.0065914262472208315,-0.0013440626983483462,0.057767681629091155,-0.088243180802722324,-0.036329801118172758,0.031889826822070602,7.5916457924080518,-11.612420676680644,2.6285806624986172,-1.6147636774489667,0.0013414072751976292,0.043556346301365526
2022-04-29,-0.022630743198905002,0.011197817089093313,0.013669028673292722,0.013008448083566181,-0.031674033242587982,-0.12737019918865411,-0.010059913576132918,-0.014199832515915093,9.1800077980818777,-3.7686560527209765,3.5225719937043478,-2.8735761172483443,-0.0018391146703092447,0.052187893929739763
2022-05-02,-0.0020915070014463689,0.0037614061384760832,-0.013395029689891206,-0.0055875487679824618,0.069295001112375798,0.01379790070217529,0.03834369512999939,-0.021576017122209506,2.2412262571593073,4.4380408761056129,6.521991280785886,-10.002600562111933,0.0010445510289857714,0.05958493631593783
2022-05-03,-0.004897269312635337,-0.0026359242469603142,-0.015072635905592746,0.021170405529761429,0.10995244822881833,-0.015618694964454269,0.0015181990777652335,0.11780819186056375,4.100024123509721,5.6749594893294599,3.3885714828487523,-9.4531235169887076,-0.0074859982656979148,0.15689009366792189
2022-05-04,-0.027724158624981798,0.0058559282111312928,0.01162543602599354,-0.0039807225900405406,0.0076431709369455085,0.12792470100481751,-0.034474535803984359,0.078621913643813726,-13.110581306109472,-6.5065275902756188,-5.8011766507687899,-1.7350661084986814,0.00096300259213884882,-0.10046947056314748
2022-05-05,-0.012701371726034378,0.018445832322132361,0.0074590548170586522,-0.00038075605163449301,-0.042870662771896856,0.05118580664953206,-0.022446012527240489,-0.022700752290607602,2.6328772071319193,4.8007764440158462,-8.5482847375852273,1.7637697972986714,0.0017485688026674037,-0.0027903398508788732
2022-05-06,-0.0017326420017491086,0.045392252525846916,0.0070423567275332997,-0.0035432743860337478,-0.11219919782268131,0.01354677544862176,-0.020339175020781784,-0.15928517144512919,-1.0377398869750998,-5.4300828055236421,-0.55907473867493185,2.8889838767613698,-0.00083679561139601269,-0.12110724645380556
2022-05-09,-0.0096907852791718613,-0.0040988872158752567,0.0073934024934652794,-0.0051967470661720538,-0.12626905344900216,0.047162626362338589,-0.046171203031959325,-0.1178631878570016,-3.0068072677859288,-1.7576494965766611,1.6350978982650064,-2.3973827344198697,-0.00056158065495610259,-0.064773128106356714
2022-05-10,-0.0092703825304485607,0.020314665425260583,-0.015053506355659886,-0.0014324355486366219,-0.033575917537464868,0.09488344133632054,-0.031919152470416011,0.050129215400413915,-6.5143174679742097,0.25704676023214712,-1.2101226324841086,-11.555309368462398,-0.0061404117557810733,-0.0016985696965753634
2022-05-11,-0.010009224973766316,0.0087308449689909844,-0.0040686262854599999,-0.021129484227344127,-0.20869498101434902,0.023065490265329825,0.050750916014914521,0.033638747604030822,-2.4300660698018897,-8.1538611618393144,4.1145719864031989,4.9565025817157329,0.0037422290290258439,0.029089537994905101
2022-05-12,0.010228049483310747,-0.012919951937802513,0.025690069743195675,-0.0017443730026207745,-0.032761473390985681,-0.073080959692293862,0.13583846817593312,-0.11085700276695597,-9.7270072931204652,14.21402624437702,12.191618021223089,-1.0166326348352008,0.0029556153963874233,-0.09806025942128449
2022-05-13,0.0053094801362792866,-0.028504026993920434,-0.0055399052787228863,-0.011393622470556551,-0.0092484502631956702,-0.026277858715597745,0.080591207341361687,-0.031209631068199198,-9.1921230721759297,5.7984445978250871,4.7428585916119816,-1.0372601586191295,-0.0083349335923552995,-0.0683773884586866
2022-05-16,-0.0053739229135924167,-0.012863845760466702,-0.019486644569434861,0.017623462043705625,0.0036468184505689494,-0.036453407376478966,-0.09533885238117254,0.0028675747013810599,-4.485372474147062,-14.424358541808429,0.16831743528364435,-7.4098553525693482,-0.00017369457199925634,0.079570382621869259
2022-05-17,-0.015065963058583206,-0.006071768876085167,0.00072290426046886123,-0.0061958531795491658,-0.00012831343718181832,0.077203917967109514,0.015299536554999008,-0.007144457204257099,4.4214422375131424,6.1394227261770791,8.5796638687076356,-2.1102469591243516,-0.0066130110530020171,-0.14493765920304699
2022-05-18,-0.0063876082957237453,-0.022248001690007985,0.010555791830253361,-0.0071830274350088369,0.089380568705548197,0.11133663469133863,0.0022947801194087574,-0.10597631568257912,2.6857422287102608,-2.818478126403861,-3.9258974810480334,1.6109976876336851,0.004145406418237769,-0.0017240983114905606
2022-05-19,-0.008432097226051068,0.008807550910600882,0.015760796345920858,-0.0251127145683431,-0.13013949042342587,-0.080747646363725514,0.067619543601520921,0.081728007596232791,3.959522420668339,8.3057128559242592,8.9059265223038935,-6.8448981845779313,0.0080670061346376828,0.0026079660096939255
2022-05-20,0.014974321688345308,-0.013694211516975707,0.0034049791392671744,-0.014041719286131901,-0.079991148035933018,0.017549530515599619,-0.12512510020275133,0.009385013780404617,16.180346402783631,3.7473748942222631,-4.2217430503394677,-8.505761991812701,0.0043034096212974373,-0.024813320834377237
2022-05-23,-0.011797747771023609,0.013158661949508063,-0.0026050637653241746,0.011596281997580379,-0.0039299160809460384,0.080788614620693588,0.062162199459245934,0.11178319480177533,-2.6316575675163931,-14.450992817727974,2.1480132048052578,-3.8636782623231034,-0.00439697282437892,0.099051679924562694
2022-05-24,0.0025564097749972911,-0.0023784237571388214,0.021214606858867696,0.0024538366549770965,0.082976667016078393,0.12157594992008669,-0.067518788761706652,0.064899939377950744,-4.7342414314368764,-4.3846443202210272,-1.2291839224889898,-13.779875341781116,-0.0004595138989554571,0.068048053030106373
2022-05-25,-0.0075249276266944149,-7.2047468180400992e-05,0.00060459263408024701,0.023293777291828105,0.00210431776704659,-0.082011068393329695,-0.020433017522670072,0.0054600068741425742,-0.89706626782892218,1.8390212131353632,19.304798728076477,-3.8937742231350043,0.013577207679933832,0.041863420405930073
2022-05-26,0.0017120733223465379,0.015964500285977897,0.015653937241587718,-0.021261618118727985,-0.02899961869347352,0.053546368652513041,0.090836612493245358,-0.028455775693910015,-3.4112002402958139,-1.7735677290502829,-1.8426502130694207,7.0409852511751101,-0.002946635732661801,-0.0090770984044606529
2022-05-27,0.010179276229376763,-0.0077898586674763305,-0.022543450014953077,-0.019963190267765628,0.03008987258941425,-0.057672423285681021,0.0067802121515744933,0.06705909187474314,-0.15680528234146546,-4.1708813711370816,-0.95905402246685478,-11.667361611307829,0.013324906507911603,-0.050155390175593818
2022-05-30,0.022761790820266529,0.0027874260359379986,-0.0086632811378075589,-0.0055916530539890591,-0.066684086786495636,0.024552252933983165,-0.0044238039040536987,0.12346947716127164,2.3262618272680289,-0.29119669977742485,-2.6535628925063457,0.52026193247088803,-0.0060152664416526164,0.047928480912425214
2022-05-31,-0.0091672783257744136,0.0057828209962311368,0.014906104691455322,-0.002036725100765917,-0.036668691910108415,-0.10857398200655792,-0.055130039027442207,0.015556612888718792,-2.2557908087353975,-13.118915938349303,2.8538846002905229,-4.4376436166518838,0.012200650514500786,-0.045164925350803048
2022-06-01,-0.0039527399071327043,-0.0069332007812525622,-0.0056335599683443715,-0.0078729193755228584,0.0067470299114616048,-0.048343699534850904,-0.071830779598703653,-0.072363316808343139,2.2792704316554926,0.069338782825387232,1.6992409707850225,2.5042524390814398,-0.0042748660651097305,-0.0087734297870214664
2022-06-02,-0.014447228693908101,0.02489490601657118,0.014827766985512216,0.0054183622102695851,-0.054428281004152923,-0.024925176459172062,0.016068627648503822,-0.05125828204461496,5.0945593183953459,3.1338980238204805,9.4285508359830885,-5.4018984030332531,0.0021936509303042873,0.066982796613568735
2022-06-03,0.0037133296515007934,0.025369721256966446,-0.0096074086724538457,-0.0087752641583446755,0.10767671696221551,-0.0061754564796196974,0.015599948591721478,0.095102498466086427,6.0855445528826451,10.344353582857055,8.8229251504422308,-0.13495355636212517,0.00085675696008441255,0.008324099086831795
2022-06-06,-0.0060056614138622325,-0.00078523460748198095,-0.0071470375729254659,0.01233191436828803,0.088610047156243196,0.036424455033465412,0.13304888194673925,-0.039105577716104588,-2.8778163548880586,-5.5804990396701726,-6.7175126947726147,-5.3079234893157388,0.0023987654784323746,0.051263117113078148
2022-06-07,0.002396032369320825,-0.02260574145026532,-0.0065585323578874486,0.0035663362359425843,-0.046909097544995074,0.05825712795769241,0.056310395196351379,0.055494439631150486,2.6731623894907868,5.7950278126829335,2.4333882051828559,1.7544102221889033,0.0043458819060603043,0.030392689751374026
2022-06-08,0.0083635377936791266,-0.00779178571783365,0.017805352931478252,0.010318521388219098,0.036684508196562625,-0.14728965558353874,0.014478557912910955,-0.038429464636223987,-11.570125618556718,6.8136571097257672,-2.4841961057588788,-14.544512810127866,0.013714004127742348,0.050175969835855989
2022-06-09,-0.0068875222970257608,-0.00020756207476336155,-0.020464580007003873,0.0019163996319519537,0.030722993083165871,-0.00037274831671754743,0.026535099275973185,-0.092833765656480979,16.164383654856838,-3.0963557944613194,-11.783191079484501,0.51126996848143258,-0.007548506904696506,0.012322740480393219
2022-06-10,0.0082161575869323829,-0.0032937534093023294,0.015493210625245817,-0.0064120455751432697,-0.080123375960717585,-0.0049646847756261228,-0.0090173676351287743,-0.19504025552298446,-2.1025859207280027,5.9448668016264747,9.3853287042807203,1.0295684811010466,-0.0050363097149459003,-0.052010530469962436
2022-06-13,-0.0053699322113723771,0.0079688675144235065,0.0042779873366917088,0.013726331963924065,-0.0093032485982885542,-0.16127163703888345,-0.1153970813634457,-0.013461696148155606,8.2416487985061497,3.980601495745578,8.4960379925024121,0.74170025144981355,0.00326587276424282,0.058402062981472817
2022-06-14,0.0044203718949816888,-0.0045320714090755828,-0.019334287433531383,-0.021055930594606215,0.05354862584322638,-0.10233749410441695,-0.040726213939541268,0.0079399067001251385,1.8933531810481887,0.517301739436129,-6.8187089402704748,18.554252323559414,0.0027216334317504819,-0.10548290307331465
2022-06-15,-0.0076882969831910822,0.010122121176511211,-0.01216131329787596,0.0025171026032366575,-0.015614981838796248,-0.0087157723339227108,-0.047679472592478553,0.036881502073736978,-7.4063132616093643,-4.8294656467514061,-11.222903105300675,10.361043203239891,0.011735994841091401,-0.046169845129881495
2022-06-16,-0.020459781897284843,0.0033560671783152839,0.013573562122318215,-0.011837143401928154,0.065796270268874482,-0.065312590209150798,-0.1046944528403556,0.14269259658803349,7.6886433068752513,0.6498363396170983,1.1600196072426576,-1.4672701356217095,-0.0034096098960482483,0.12284301598942872
2022-06-17,0.0019308200050830635,-0.0021377904554792161,0.03653477182463994,-0.01983865626529727,-0.036853276540228311,-0.15566518070294783,0.016745315925851132,0.033861595126653314,2.3506651539588708,-15.649300471675691,6.5784178195960941,-1.5909300618682105,-0.0066934161816076306,-0.11638962201450441
2022-06-20,0.010099723659458187,-0.0030519932580560759,0.0089573766065002228,-0.0089938346447909056,-0.014667322324201943,0.096450818091680823,-0.016407631578541769,-0.03597715822793119,-4.8840639734470965,0.97263189834619945,-5.8953356528649419,-7.2301778029954491,-0.0097797060808022286,-0.026556715695989667
2022-06-21,0.0017903607846411144,-0.00042051329823382584,-0.033742334743765826,0.0069780092652054438,0.1256930336077732,0.051739615812538317,0.042166469188469613,-0.006688217231528174,4.7307244275552582,-3.4214880743160547,-10.868677234755076,1.7593104317253505,0.0010615128953993618,0.12434240143041017
2022-06-22,0.0034967735176941635,-0.013444546655645912,-0.0016905633863814609,-0.0048159537593815416,0.0019963505661712245,-0.074530523577290522,0.035865627671509415,-0.062967742626587289,-2.9337285076257347,-1.730032414239318,2.1927085840034763,1.6733393453471397,-0.012073346768581312,0.092785358871502355
2022-06-23,0.0055495996387069637,0.013811684870194577,-0.012705955482631171,-0.0098382843951464877,0.12442995189656365,-0.084076849783454241,-0.018703585802377545,0.15143034706969494,-4.7516143016291768,-11.452046390132066,1.3698435943602298,4.488304379475891,0.0067824268135112881,-0.1395376011411783
2022-06-24,0.0021911776182576481,-0.00031422195749913721,0.018500835854246382,-0.00098728661060437151,0.0088172125105083592,-0.03472248640638026,0.074366023577185192,0.023501727552521556,5.3327394802117505,0.17052516278200627,3.9958695893094087,-0.042397378160168669,-0.0032511010217062147,0.010223457793493998
2022-06-27,0.0056139007285573393,-0.014750342460846343,0.030989345917489999,0.017814778854979469,-0.086857380086607427,-0.022731244921795984,-0.019300552471103911,-0.006983240143123487,3.1250460492142969,-5.5667088853500886,-8.2621108287715188,-6.1255444222450661,-0.00043007499679338862,0.099869065350235847
2022-06-28,-0.0056859245309306512,-0.0067078525286871004,-0.0093623551670654163,-0.0019217828430718562,0.1154456942030312,0.055605603732677956,0.064673392206063551,-0.032986462590896701,-6.6104869042072467,-8.5710902696730109,-3.2912528649385426,8.3770088958177436,-0.016119829649005896,0.054566952521566042
2022-06-29,0.0068678182842582727,-0.01480083406135476,0.0098724502150282934,0.011712664771871471,-0.014882596351246521,0.01850726292755173,-0.088475734499868827,-0.077468093479376193,-0.065130887589118697,-5.7380662888973175,7.0829123236546234,8.9240179756938929,0.0078549752449317105,0.10631802975166434
2022-06-30,0.0053771797107992694,0.0063770409936732388,-0.003903003281184769,0.010276789311826484,-0.0056814491486007019,-0.08045057232544231,-0.039940633772079195,0.034912900820409848,-11.722682468437299,10.644206197667353,4.5857637827544311,12.042891825593985,0.01087324063825317,0.032795700519623383
2022-07-01,-0.0041429815034958756,0.00071822667971142709,-0.028329787147267603,-0.0037067382851817417,0.10378834215239888,0.053902562773157525,-0.019367813538948637,-0.034725607216187115,5.7996168428669943,-10.845755547952104,0.52654805799846638,-10.252070252842026,-0.009144648891567058,0.010516485829624504
2022-07-04,-0.0061034415128595303,0.01519330499983703,-0.0063039568808089521,0.0033435875263065455,0.008489978080451906,-0.051988098191847111,-0.016453919120229824,0.062360565177142641,-0.043216286325038378,4.6871504444698981,9.8301841448758669,-0.35086817903553036,-0.0016377865900744062,-0.05493792042187079
2022-07-05,0.0014775394970926727,0.0095821155214942718,-0.0001791090318110369,-0.018635702453861321,0.026118344369911839,-0.092778147381064185,0.058215541838046128,-0.070994389348998696,6.4144160433465132,4.8383789722919879,-14.289079526174113,-2.1638382094469613,-0.0067413346455007777,-0.021645561577722225
2022-07-06,-0.0042677752451833924,-0.0021890332160189982,-0.0077492572391094456,-0.031599777284208666,0.083243876746455073,-0.049135014990377902,0.10667082178673287,-0.11553014978416611,2.5627535403816655,0.43562121235668477,7.5552910936643158,-1.2534235488063998,0.0078919854339438138,-0.0060839163360119127
2022-07-07,-0.01292449137465909,0.0057205411495890113,-0.00080540734935044881,-0.021652771782376699,-0.058182055130002602,0.056778751949958156,-0.05142014023833763,-0.047781027922938896,-1.2367992022800232,-0.33873111626916907,5.6425014495757848,10.980129290733199,0.0056313516212215912,-0.020713613780633699
2022-07-08,0.020026762250155469,0.0081336405610626886,-0.00071756494417391967,0.00046963133911775686,0.034164730919520631,-0.070491415599137811,0.017193312995462846,0.07691552465156537,4.9349608483755389,5.6216894585722557,-0.033917252052407407,-5.0740318849662929,0.0051403873922011688,-0.088811392790897711
2022-07-11,0.011469730087288495,0.0098320419257383364,0.0055183245643351791,0.013259553156702655,0.12138936608309203,-0.015354202760269399,-0.017965623000892487,-0.051789674577791198,4.7268916632642357,7.7011543606606985,-3.770311883112341,-2.2219450625466313,0.010653439674953495,0.037277326280509081
2022-07-12,-0.010865734436115314,0.01272175518680733,0.012288397065884495,0.009908340645602913,0.017970294713321754,-0.0074739205881665062,0.019478748703150386,0.074764711268167541,1.8507819792237699,0.71630646121330321,5.8843370764647975,-1.2317556293120298,-0.0081741300570844031,0.0067946255913591026
2022-07-13,-0.018805646957051184,-0.0040811767246292712,-0.00078330002907666806,0.0056378971408239543,-0.02377877339153614,-0.0068115605346000686,0.0073699095688853954,0.049769739076444809,10.526957284009553,-3.2286579623449621,-3.9082616968930148,-1.1194086706701312,-0.0037246136061204484,0.013796999359852236
2022-07-14,-0.0079730965514719192,-0.0040442055236862224,-0.0038700882992462773,-0.019471518493399859,-0.052690261648536241,0.059189724893669388,0.094734185408505839,0.027049046430691549,8.6970680402883449,-4.1656757318289737,6.415142737880478,1.3384843791928778,-0.0010710714779511735,-0.1251013951659824
2022-07-15,-0.034403364901073652,-0.0036815684237014716,0.01606809602179407,-0.005996619879068874,0.020774582208355308,0.040793078428543454,0.016979785225238339,0.018537773368781006,24.460880663266494,6.6044564703829591,-7.9825057615480706,1.1262306772886292,-0.0053632447523441016,-0.017109968598862269
2022-07-18,-0.016791309356891972,-0.011733517661690387,7.6233512276757676e-05,-0.0083146848123403332,-0.089621327042210819,0.0036284482942348997,-0.17543125542014143,0.032628703057132558,3.3939708596911462,-0.45588918635586051,-4.4276974201657069,-0.16928090693300588,0.010626877837222994,0.06141508436603281
2022-07-19,0.00068450342338830991,-0.0058102272213950033,-0.015254118334401684,-0.013478284603233814,-0.026441975202896227,0.020669906344683599,-0.030042798551434831,0.10994574972617355,0.3364960004485239,3.5702452566965843,3.8306432641358379,7.8021528673147031,-0.0032151487071534254,0.12757214305913919
2022-07-20,-0.00054257943573180617,-0.009401409656971383,0.0012749272761963767,-0.0065210196152490612,-0.066655616088159286,0.061077239513664595,-0.10732666276008743,-0.010485661019678105,15.129043364912665,-11.028966126364525,-1.8076463627953754,6.6807530303455858,0.003809044097652101,-0.058153623932479546
2022-07-21,-0.0072839468236864683,-0.013453448602794666,0.010583615302056322,-0.019149733285642696,0.019907847165484219,-0.0080971555707352455,0.10421199953484594,-0.066081038516257976,6.8077170302513448,4.5151803119626006,-0.6921325085555754,9.2355166526573598,0.0083772716970500292,0.00054962487874923144
2022-07-22,-0.0020097946422557972,0.011555000481769736,-0.0019457725930566842,0.013068308429633323,-0.085211412177905746,-0.0044060426278534305,0.056212377280624524,-0.019810813743044515,0.049345433112268855,-1.5989793677421982,2.074266705567235,10.865005039992059,0.0044060460278976966,0.0511068470916336
2022-07-25,-0.0022928767005288967,0.018264083268699893,0.001349151015019539,0.0052627475704199577,0.07175864769779533,0.01687371283443265,0.093549341892766952,0.082921470730945662,2.2218582216060452,4.4618839249898059,0.99324276325357863,3.8665054367866629,0.0043542165765370995,-0.11165860483183968
2022-07-26,-0.0044167370537891706,0.0080911041769451599,-0.0088794305162635291,-0.0045535261420092538,0.063323589538297337,-0.01089052518167148,-0.015179071801283799,-0.005762373249076181,-6.7022653936970489,-16.317367978945775,-2.1123484081395736,8.2977157113274753,0.0041477591594519959,0.082112703986098379
2022-07-27,0.0022167125573791008,-0.00051997635304454164,0.01229166700354534,-0.026187935928676836,0.027576795965108678,0.092545805089166655,-0.07453954202262815,-0.02861610191532549,4.2754740054225469,2.2870746803564304,0.29929132491057425,-10.267098049007474,-0.0029304553673553573,-0.021738653293145185
2022-07-28,-0.022263017809379091,0.0070701103925349699,0.026392487925095874,0.013115005600112006,0.00048673147931126625,-0.010418087850051548,0.053667900743399187,-0.03781853693319602,-14.263825393996955,-7.3810599431109392,-0.97193669185067355,-10.862291084426461,-0.0054214877904918031,-0.035215826179379343
2022-07-29,-0.00018669984565054779,0.012257190189597244,-0.010777121898444731,-0.010926054796113013,-0.079322349671516676,0.031514000458831327,-0.11403496979187115,-0.045734353980259213,-10.200134686696806,4.3803205152644047,-8.3852893043694543,-0.37721478789221541,-0.0043566146405582939,0.064992505917632767
2022-08-01,-0.010834451044862132,0.0028722456551392109,-0.0034173127119080521,0.0050969010115814502,0.083599439856030647,0.028181961957329912,-0.13997381623305971,-0.0022437705335144804,-2.5470360679070385,-7.2223628622514102,2.8984043827906847,-15.83503608860387,-0.0092822736756363305,-0.015930072427476089
2022-08-02,0.0018810581389882227,-0.020706113952257722,0.0093175363014644016,0.0029449763322182318,0.055622215155120475,-0.093467949718278917,-0.070255057015234004,-0.17847066782564919,1.460610043898442,4.7411724655523093,1.6832903139431525,0.89303920141712967,-0.0037142964843020119,-0.040208896285477518
2022-08-03,0.0027880169867000081,0.00018238552015112171,0.0067072471396720955,0.023647741493069599,-0.024014900016614119,-0.19034678601014327,0.01740042905859681,0.02218471848242793,-12.952877958594668,-2.6200206519417835,-3.1657290658851922,0.67956545933295953,-0.0010491492942423422,0.061933342784396231
2022-08-04,0.029028620784439362,0.019978466599992313,-0.017459965468844735,0.0013587089346414952,0.072721312248362008,0.0059872520261008786,-0.0002910756239519968,-0.042434769843185713,0.32421686548534356,-7.5797577773186138,13.738109301755195,-0.30503088547938045,0.0013130465375572212,-0.054148004998241843
2022-08-05,-0.0028112868274295377,-0.036437102681432874,-0.022016217295267284,-0.021918544364620367,0.048797662929226451,-0.13620467613801529,0.0089890397497032933,-0.012718133647609878,1.2301640878120479,-3.6729542595976885,-3.2332286732879583,-1.8383766101979524,-0.0025291509706864054,0.068055567555621532
2022-08-08,0.001772696718478296,-0.02255226720032006,0.011200360776977364,0.0091528943620222038,-0.036747378508882864,-0.043958668410272621,0.11258106201553092,0.056351494678056821,-0.47436812452944588,-5.8758032730239043,1.1683826847645387,-2.9302126849630872,-0.0021364926073808039,-0.059415794879970028
2022-08-09,-0.0087628373028607771,0.0048663491863378538,0.018869549996485172,0.017443089997386987,0.12035136461988181,0.021180887851718917,-0.10812770045582537,-0.16533434108536602,0.28088187440543416,8.5120835033171538,-5.4185525954996354,-10.446411088936333,0.0041844664532059879,-0.094494885568335532
2022-08-10,-0.0031195328625836104,0.021106050501361676,0.0021457926793150978,0.011265554951879158,-0.04209246108859474,-0.026415718397600478,-0.082664160660393005,0.023681304634850388,5.4817177608232086,5.6500526354549176,-5.8434642859576869,6.384778693241044,-5.5853576525894538e-05,-0.056877665288678908
2022-08-11,-0.0014814463390268422,-0.020582530954289663,-0.016775306107328202,0.021631177243810893,-0.077522751390034089,-0.0093934575626438369,0.032141836012549677,-0.022688432727509075,9.8095701001064999,1.7121344940733709,-4.1960969217622521,6.0994056253208164,0.0056575253881760929,0.0078409396621985129
2022-08-12,0.0058602535181326255,-0.0049089944990763626,0.0020715937834420812,0.0011397302788902627,-0.081445060837121816,-0.032838467259882972,0.041627682235219572,0.068879448387220807,-7.2172619335904518,-11.037353041746934,12.259531985456285,-9.4348024400844412,0.00033402718465664759,0.0049161589196676618
2022-08-15,-0.015965510709777423,-0.0082429994346557046,-0.00096854558632728492,-0.0016969998862490772,0.14670858082982707,0.018051119688074133,-0.057192001040003777,-0.011411420181241787,-0.39982369235605353,0.89038721900884266,5.0987447855567947,6.993534329468778,-0.00097913506896160369,0.081460717615105413
2022-08-16,-0.0022492374149588878,-0.024712681604993791,-0.00031565907906585904,0.012710708747565091,-0.019675929270721867,0.16854064363852014,-0.038531568045201303,0.035586566455077462,10.094393013737044,-11.882768440960403,1.8506448479508695,3.8147266936067932,0.0039567059939922614,-0.078227317355976281
2022-08-17,-0.0025295038148470768,0.016309673170133602,0.0024387600423317469,0.017124698574331666,-0.058604412589787852,0.082977628317774652,0.0037381120216913744,-0.20064578863310154,-4.4037899242563068,-6.5123347192514345,2.1835777111080303,-3.1515998778145069,-0.0066946117687185459,-0.072709207428647213
2022-08-18,0.0094975864145643227,0.005531943409716202,0.0072541747315431407,-0.0034840913584613629,0.12941872030519877,-0.025728109641254524,-0.054774136807278502,0.020045924415710042,-4.1565349746897091,-9.6163269120947223,-3.8240359310009375,-1.8915118005160729,-0.0020426560130888194,-0.046640057547928396
2022-08-19,0.021575756707675111,-0.0039744813836066709,0.0035456804698667469,-0.019717800995462643,-0.0054022840216527597,0.094640548704774799,0.090618462105855363,-0.095910088430685547,2.1381458869259085,18.29621169943162,3.6186099788904644,8.6004896421318868,-0.007339588682231381,0.039037474834994604
2022-08-22,-0.00011319636527184636,-0.002751966048944138,-0.012051226196039698,0.011048781119541239,0.030524641797815465,0.049398220661545769,-0.052508275726861738,-0.12572447534178813,-2.2564349096853116,-9.4489399806819314,1.5764955502932325,-2.2714226695756565,0.0014168852537291463,-0.02330560207094989
2022-08-23,0.019615568955756963,-0.016455848963447987,-0.015560353529130164,-0.0023632517437940826,-0.042658689650103991,-0.0097803190237941706,-0.0066788843530668661,0.037466921745797757,11.001397422444787,3.1743367713544961,2.3089291949138175,-4.5206705966295218,0.0020968359756739882,-0.050326439210991808
2022-08-24,0.011061976862392457,-0.0053521975132157715,0.0027144683566971126,-0.00085511991657833211,0.079497447620324055,0.019218460669535111,0.085168224129557143,-0.053101821755198932,6.3325311223510319,-0.038113171846155806,4.1876959040228723,1.547114837111718,0.0021363287671359366,0.091808745223375565
2022-08-25,0.0033784277202501202,0.0033348104781239247,-0.0085221936962272191,0.021156363903672017,-0.020974500145954426,-0.030157878524493094,-0.016733871189493474,-0.12190760514305674,-10.925160957758672,0.30352058053476461,5.4858333318364885,-1.0842813782004999,-0.0091576852879735795,0.027809613471192911
2022-08-26,0.016846257796613903,0.021534957767307961,-0.014815054375118077,-0.0015009621307487172,0.083096044643798564,0.058864258213815468,-0.038946990417258,0.11143414087883478,8.6434789636760438,4.524532140450872,-7.6418959613606727,1.3544675896128371,0.0080890694798872956,0.18064861574167562
2022-08-29,0.005849870088685559,0.0076527932096308871,-0.0036559457657027129,0.0084852671632462354,0.0086288683572555754,0.15612850550936977,-0.051916040456839174,-0.12551960514235899,1.1019508982466335,0.73317598569721976,-4.2844566404227029,-0.47091832830946201,0.0048387781559588901,-0.11998884937043755
2022-08-30,-0.012004977198880254,0.00396760979788613,0.0080307426136522145,-0.028065408203457782,0.0081560360148782412,-0.010928528079702954,-0.021869621083705937,-0.24013697881122506,-16.612469471715656,-2.9199038128586454,0.6098198288419483,-8.5982907768896553,0.003026393954275466,-0.075646909452432284
2022-08-31,-0.010757301555121992,-0.0061534305556556635,-0.014362936094211578,-0.0020806712179022007,0.083091703645067419,-0.02989908256812045,0.0010207671668375096,0.0174859569386632,3.9263459670814127,6.3050145032041716,-5.7466967565865934,5.230727616398549,0.0050282132003301181,0.020057153007784545
2022-09-01,-0.0015992920314870781,-0.0021801803996874566,0.018019306332478339,-0.008913946574672281,0.0079008081369336073,-0.079850969209707023,-0.010358686672586742,-0.073545842061862834,4.935006345791435,11.787913946890304,1.3605277539202167,-12.052338903486213,-0.0013938894328198233,0.048227785717975293
2022-09-02,0.006322851764759582,0.0067323260320115647,0.0069441545609483703,-0.015446419484041353,0.0093819687076078136,0.12555346139297879,-0.023022840203925681,0.031081330153018755,1.3756539583977059,6.5944529432247823,1.3239502282643965,-4.1590348654387324,-0.00030363139578330186,0.1649285693907018
2022-09-05,-0.0026856835715397976,0.0052482503532186751,-0.0032598208234355989,-0.0039605662268451464,-0.062281707909964568,0.11102583665891845,0.048449353209422091,-0.050374576458247007,11.341070922204805,6.3915381522744861,-2.8957203602738737,-4.8880282006005684,-0.00056808385940441031,0.04019453906674391
2022-09-06,0.01416333825059158,0.014282154077679987,0.00090731121887368984,-0.0014108060827641442,0.083744900711794551,0.08382031361878936,0.016207133238076786,-0.098023608706585677,6.9476214448260345,-6.8410153146940313,0.98433039816654389,4.3151633689987223,-0.00015702373017709924,0.053161586013186296
2022-09-07,0.023483309420873792,0.0060522195485935727,-0.014371540333474415,0.023197337998032391,0.056712910107456431,-0.094800314882255252,0.045956127812891767,0.0055831394569076757,-9.102150315293926,5.8673895649461372,1.2649843992570813,-2.9650829947331503,0.0041345732790468593,0.11688831820435167
2022-09-08,-0.027939774865420482,-0.0050281818993577667,0.01188848253661165,-0.0010830918525496635,-0.00048525115855093808,0.019944311183118599,-0.16730294039333274,0.053239436038109579,-7.6522154988683688,-0.15030733679982139,2.419178855893461,7.9913221002979959,-0.010706895289717678,0.068523751419429041
2022-09-09,0.0048506820165495216,-0.0054199980023319884,-0.00016231785310072132,-0.002767741313665461,0.035537280566349361,-0.085046643617359072,-0.12703709190659815,-0.1308115861219942,7.6300775696380505,-2.0433359533913507,-9.9344993218681115,-7.9880479996054348,-0.00091410543354438888,-0.15142809085627384
2022-09-12,-0.012412376707686384,0.0063163821159939668,-0.033826458710197418,0.0077667511260211888,-0.041691216432521952,0.014519271152449834,-0.070362521482782783,0.0025211721208966186,2.7900520781472853,5.1587153121977414,4.793557246915471,3.3322626016889361,-0.007190985172419396,0.10047415376893447
2022-09-13,0.0031084870506149615,0.023706479522239112,-0.002628439992513542,0.0028318985094408877,0.028170241584235499,0.039920149384235305,0.12806151361162682,-0.036860072606822045,-9.0356053927940678,2.5190506348548132,3.2346193734360527,-5.7035008623287284,-0.0010303441183287102,0.042370566295252696
2022-09-14,-0.023164463047921673,0.0056239554467292343,0.0038079195926464548,0.0024577219404158007,0.038605163507472645,-0.0043462840538264396,0.070133188698331253,0.0254819950821004,-13.821445465953818,-9.9277941951776825,4.787184737633833,4.4698574543332468,0.0016131884847057345,-0.079296018355658152
2022-09-15,-0.0026659954309180495,0.0042467480381326063,0.016281522229495918,-0.011226618461721065,0.0087548866133486183,-0.059162643721956287,-0.0045072149017892889,0.043479529169925438,17.045010867549031,-12.271291463032291,2.0668504262389589,0.62526670136000462,-0.0068637326015383382,0.046185519529843504
2022-09-16,-0.019478530175886095,-0.0052530140453386125,0.015711369666982302,-0.0040732077680408841,0.038390348948645757,0.042224029945894616,-0.01606292390789027,-0.083768766370005202,6.1449701490828419,-2.7033334054988525,-7.220953081868112,5.2782903199205329,0.0055228126462279247,-0.058471952802665816
2022-09-19,-0.0084576174552332666,0.0075804342831874653,-0.003123413970041654,0.01360022835061059,-0.017781045691943512,0.099443737269546945,-0.053753801521720948,-0.0098843200668751879,-0.91438741420360381,-0.62537372154401927,-12.862350858538004,-12.228440571289033,-0.0074964922008060649,-0.0068902293178621597
2022-09-20,0.0089802924187309414,-0.0065149391572880203,0.011814415910923947,-0.013000636634229715,-0.037400513447846853,-0.061099832686713623,0.081519780598695052,0.018694959520758819,7.266847347977226,5.1660054321905928,0.44138001725758502,-5.4321312561344151,0.0024960338156380202,-0.10395967830595468
2022-09-21,0.0044913438490867402,0.0013822374168195202,0.010542465835898586,0.019845905604027162,-0.052971448565654423,0.10803475416111404,0.039857356481752433,-0.075011877861439619,-3.3808140578882457,2.4987411561839332,-3.8757730003921185,10.618240185448457,0.0090797013286411793,0.12899150638010318
2022-09-22,-0.0026338518618997183,-0.009750645502721627,-0.0091779494652581874,-0.02512448186155903,-0.085535642433339304,-0.036998445733714316,0.0023848544375245843,0.080063723817388854,7.2658807858610537,9.2141312291643445,-6.0982775636497006,-8.6727941860427311,-0.0048816416048252011,-0.19057907370973609
2022-09-23,0.0011072217767242724,-0.0040653865245683348,0.014132177094317695,-0.0086127298301273865,0.1210374555887562,0.041481534876132008,-0.080506925677369501,-0.063459183852686715,0.87063459695649614,9.6755254681453362,8.8656926766675568,2.983877284659735,0.003303471599853558,-0.036070430184789164
2022-09-26,-0.01522312420832461,-0.014959093799471851,0.010269393056917837,-0.0043666774960625394,0.04794092223907364,0.099504763271041477,0.041448488447828252,-0.049513094504868453,-7.9486855363158249,-17.830428907474985,-7.5871167319807959,-3.2334329055112065,-0.0018814564428285174,-0.054150853879750709
2022-09-27,-0.0057406123030931729,0.026692953014042418,0.025537536342151054,0.020102441161494775,-0.080982620238466058,0.022677459145436896,-0.044009525830421302,-0.025037065429227311,11.139409494528678,-4.3063587106786398,0.068816330056481717,-4.3295498260327472,-0.0032003340553121941,-0.058408481524769983
2022-09-28,-0.0099988455389621034,0.0096109341927823055,-0.01045068564551983,-0.010086270885310276,0.037970331542499992,0.18205510685244791,0.0096055570270807741,-0.071975145526669726,17.303487646550519,-5.7847916540298563,-6.9528419813297049,1.0515957398731219,0.0042084993925086663,0.087749463761448696
2022-09-29,0.010194280278313417,-0.0061948219084315553,0.0076892793595641044,0.0039156997738339179,-0.070369067228052196,0.13843456606334478,-0.084696704266976966,0.046679567375104015,1.6770631734777908,3.4975705863058435,-11.545062826927348,2.3651673882344233,-0.0049174221177984041,0.15279249351358698
2022-09-30,0.0097159123396679432,0.0019163511089059337,-0.011224506525188443,0.0009159205962068947,0.0021294717239722979,0.051238834468833074,-0.048319496172358041,0.004656452313378974,6.2970134866611041,-3.9703739207160562,4.8796843944712274,4.1061949502034354,-0.0044367133137117884,-0.047637796420142202
2022-10-03,0.00048374096224077781,-8.467715237681325e-05,-0.0070086772849877205,0.0070784542150721629,-0.045960055370376424,-0.067264280304685176,0.11323247055699531,0.039961221137237657,-1.7222187054069225,-16.710827333214837,-3.2111651405696504,0.81412609283680959,0.013240100545529694,0.027921625561928769
2022-10-04,-0.0016173819123455361,0.019965056449642839,-0.01683847923288747,-0.0082856222518043667,0.11320271640419831,0.0093899234798528516,0.11720452091770824,-0.044863771138764337,-2.0188576281496449,-5.3297029646065566,3.80894215202055,-0.74248843452578683,-0.0090212005942114041,0.069817143640066789
2022-10-05,-0.031350340800533706,-0.017717857385625799,0.017628911911843875,-0.033251135467009738,0.047050434965036747,-0.053422247004042141,0.016634000142324228,-0.11218286959434771,-4.6452411134863576,0.19065059503223877,-8.5946531128601436,-5.5706799078656397,0.0026832250929851639,0.025605370731117134
2022-10-06,0.011026115150002911,0.0082231291435571254,-0.012998655946163985,0.010215144290695212,0.099109122206988615,-0.05500180095864439,0.0440034049711766,-0.07287554203197967,-3.6920890865587617,-13.223434730560417,-3.5663814621079419,3.3286154487700426,-0.006232992258548853,-0.05308205669466403
2022-10-07,0.0014470780318652568,-0.0064461614180454443,0.025910183618359003,0.0088114387600500589,0.10848264274036218,0.071737435994872575,-0.00014642250668130119,0.023829754594773437,-1.5812271870286259,-9.6953067262781456,-2.1747756408721064,0.33005349207369311,0.0031338277796803568,0.0083379075031727676
2022-10-10,0.0027232807231083295,-0.022427496081424855,-0.0019286456999270838,0.012587684493917624,0.12181190995173657,-0.0033943096683825978,-0.10430557379252436,-0.046286928268600425,-0.8920005573373837,12.926893530349501,-10.281287534883566,9.2937022831046665,-0.0012058810521321833,0.059371271251972085
2022-10-11,0.0033039548049831054,0.001465341485820524,0.002403095001168273,0.028093629709900307,-0.061339179160284689,-0.11987753361574076,0.053908777811472533,0.068644608550536321,8.0935600164542194,-12.187205774522905,13.857980918118837,-12.260867164707539,0.0044785554701055087,0.015106019061813461
2022-10-12,0.017585678202303678,0.0059837956856022426,-0.020067278413009256,0.014009186496137556,-0.037666184060276942,0.00030502099716429203,0.042002079844302279,-0.016244845899118156,4.242298360380838,-3.9104241188202606,1.0568781879939007,-1.3527955983599651,0.006133908694663643,-0.075036092072169644
2022-10-13,0.001561034311206371,-0.0021512359970039465,0.013304376436158052,0.0088143284910326154,-0.0014723893884739166,-0.061930322760266387,-0.12861286486062418,-0.052999136346511995,0.13521371097181595,2.7634719197997706,3.2514775993880138,0.82956781212164388,0.0039545964971915747,-0.0063831913524091902
2022-10-14,0.0038141028476679634,0.0043428009363408312,0.0064157720634239147,-0.014080088629078289,0.06832446306252668,-0.039905309515196205,0.0043817031801449673,0.075024055099057019,3.6476163174024596,4.3875764569692315,13.239457077562156,-2.7042940940489886,0.0065690359361280145,-0.076510352722105518
2022-10-17,0.0039442951760645887,-0.011886527501238578,-0.0042337634597592226,0.020037626610338154,0.044239451468105859,-0.083521500966644999,0.036217694181067336,-0.040061234376966043,-3.5303682348399867,-5.5726930202895462,2.725603150215715,0.35031406333752113,7.0171048735645351e-05,0.1562531850494957
2022-10-18,-0.01050701633065422,-0.008446598347832731,-0.0026958953648122835,-0.0098967773158138168,0.026037422993723885,0.069972290419970315,0.0035760670039184134,-0.025699461050612868,-1.5851465670907974,0.44348564795197615,-4.4732986950463642,-1.0463185112493512,0.0040189137620848915,-0.0055950215757285563
2022-10-19,0.017710703066884086,0.0017159934036432064,-0.024381662570227326,0.0056323520192656179,0.16675638604644422,0.036989999467575932,-0.053170294022337763,-0.016600080598393532,0.66113323561335857,-4.861016943025553,-19.892625167796247,-8.4160856095829306,0.0048055740367769608,-0.022835680028946259
2022-10-20,0.021140592905369408,0.019623196560153277,-0.0073998809171668227,0.016208760102766173,-0.056798713149303091,0.023063502728962779,0.092848270214127449,-0.098330193754169112,0.23510251190625323,-8.3169525259641919,-7.6257578441841387,6.1092710215539405,0.0027188939834719957,0.031254687171113203
2022-10-21,0.0016439248742805804,0.01365268490300108,0.0067262779946320591,0.00016069878854419706,-0.059890429259760111,-0.043237237433743053,0.11134504144974491,-0.067966695294414251,-7.5191247594473181,0.83541517819008304,10.406605290356413,-7.7799177066804628,0.011238951537789676,-0.058628909965956932
2022-10-24,-0.0042993127684338404,-0.0062834570779295501,0.004060781709521997,-0.011745176302358416,-0.016862273175962911,-0.032711707913766999,-0.033248431463667634,0.1312011902998646,-0.19052614488164191,-7.3580678401687782,6.1763302362104637,-6.3028293968215277,0.0032932351712706897,-0.039285287807468185
2022-10-25,-0.0041674561806961359,0.015391197446912681,-0.0055362693039908437,0.011555874149148358,-0.034984161890985452,0.0091218553957831631,-0.09260020494494782,0.062319428585068858,-3.3745903264233457,2.9626600074735077,-5.8515901616149062,1.6918177847332412,-0.0022137646701111255,0.16234342444738506
2022-10-26,-0.011667368570843524,-0.0003098927281917842,0.014641173645192023,-0.0014817287832166906,0.12195993174600855,-0.033951779839872312,-0.11465890876008948,0.059687631839055795,-3.3203209409726648,1.6126266828612414,-1.5585178956447907,-3.5961000162450425,-0.0046907327500204689,-0.061162356117266239
2022-10-27,-0.0024018825520075982,0.0021160097202829352,-0.025660438928853981,0.0071323793113736503,0.032673982697979206,-0.085278684094155149,-0.095281277298131531,0.015042889139837078,2.3441496308546022,3.0890850644738217,0.7827200365750101,-8.0384356573227045,-0.0013485486382608411,-0.081512220524735154
2022-10-28,-0.013031287407216641,-0.013402309739819767,0.0042770786318755451,-0.0070473437526510597,-0.061332935965589024,0.1961113519962619,0.050016356992263769,-0.021290185943068873,1.1169518986159261,3.6204847003657332,-15.663698567463769,-0.064478839718498576,0.0038555544379098722,0.085581925057329991
2022-10-31,-0.017112719667070758,-0.0017966538527204577,-0.014625547937985837,-0.020625187293033191,-0.048698680504968728,0.013909351749939427,0.088199101939006416,0.050118277762366562,2.5073667225315166,-5.7119165801943756,-16.04505892477874,-10.673354850226231,0.00052304183933319899,-0.014606765884775325
2022-11-01,-0.021002532570467573,0.0021080978912290968,-0.0063492287931705658,0.0022154507426021043,-0.014141404084953122,-0.12110940607614093,-0.11878184743384466,0.056664396248576526,-7.6456967823147028,-6.2537006207925669,-5.9105363414814285,2.7138736114349742,-0.0015589136551696903,0.0026258888699025895
2022-11-02,-0.0046478754531509257,-0.0049065629980871127,-0.011206267670602956,0.0026821925507567652,-0.036959446413037327,0.14344192215919946,0.15629607723493191,-0.13255578872237669,-1.2233538612584223,-11.495188301874133,-1.9838556653140684,5.0954413720131004,-0.0022491096846148748,-0.033474596377284054
2022-11-03,-0.015373209086783735,0.001121284015011515,-0.008866698615218974,0.013699847983834569,-0.050696384160816517,-0.079787159384691969,-0.039255389201814615,-0.025934381709281688,0.15754633217877828,-2.7858702851452399,8.860115652090343,4.6893399261781203,-0.001366908676787456,0.10713631629198692
2022-11-04,-0.01022353043606152,0.014301614344206029,-0.0080415961808541561,-0.00064390601165287796,-0.02168335281879109,-0.02394304330391081,0.11454637587656341,-0.03693853909490797,4.8054965612576934,-5.451327902177149,-1.7255530895945606,-4.0964387045300263,-0.0033641880198716418,0.11345556716943341
2022-11-07,-0.0022390823484715935,-0.013701109715262956,0.017486853549351852,-0.030885281642303367,0.071159124342327726,0.02213561906450575,0.045071220987727006,-0.020422892529242721,1.9167713186496469,4.3417588883543079,13.644233317571203,-7.0491483336200238,0.0019988484595919206,0.023549992951850202
2022-11-08,-0.0057675224476357147,0.016071178731350166,0.0052856943967512452,-0.016407106934466873,-0.025160556988096782,-0.045017373289502984,-0.025833938520040945,-0.07975723329067741,0.19061230799805562,1.0847438191483558,14.08891031834478,18.382684964558848,-0.0084931340903484694,-0.073170568328532123
2022-11-09,-0.0017363419621259804,-0.00051636846715227857,0.01553940083666275,-0.0058170457508725532,0.038169486711398908,-0.010810868426917768,0.12478435875181357,0.022941292626229633,0.067794135578994941,-3.7635815861541326,9.516936189250897,-0.47996887656460752,-0.0093337798339942456,-0.023246760680133174
2022-11-10,-0.0066089941516032204,0.01605780586084395,0.011818233915093819,0.019846233154700646,0.063021904062839584,-0.018440227723768722,0.0087497916305623921,0.14502024078439638,7.982542387600966,9.2838487018164617,-4.8194283581467143,-3.0266116938119665,-0.0013602058748376097,0.032976776530743525
2022-11-11,0.0079197067493666541,-0.006097847735913404,-0.022878995211429737,-0.0092968812955011772,-0.0075650892104207577,-0.063039206626136407,-0.029313132566576243,-0.13277240320089961,0.43524687319482674,9.915264357474932,4.7005141472536565,9.5104926984090792,0.0043541550673354551,-0.00047941487685523794
2022-11-14,-0.00034275060388439969,0.024798634127765201,-0.00092919263311565996,0.024873891617197809,-0.12575388023621228,-0.057528921680458832,-0.014560301504943508,-0.10909863399837537,16.174916184361528,-11.154138582471992,-1.5445609951964272,-3.4274739456496399,0.0025860808223763417,-0.046125429130422647
2022-11-15,0.0077708684223826673,0.027041461389864217,-0.010358478380908403,-0.0098994149124722753,-0.052467508116120297,-0.00025730082130029266,-0.06388950081429226,-0.069009923763338865,-12.14746914561389,10.990355400618146,-8.7370156560411107,-6.3076870857007643,0.00047513043749668123,0.046200308976171306
2022-11-16,0.026471518879231302,-0.0029469317061512233,-0.0041244771863788027,7.3193389873609107e-05,-0.020581090412220622,-0.012733333777876579,-0.016381362201982431,-0.053763547464405918,-9.2513857916102662,-2.2225921744706487,1.3689468564191438,-5.36035287016891,0.00056446407451035327,-0.1414408432857695
2022-11-17,0.0043520163735776256,-0.012158277914282034,0.014968204415034341,0.0066306558133536432,-0.014132540152222961,0.026097510263035018,0.018183159852929624,-0.021164675683992652,-7.611505638663087,-6.5011503234553958,11.880845269644938,-4.4625068507987304,0.010049227228390205,0.0026838570462670119
2022-11-18,-0.0072862008495261817,0.00074723068651825402,0.015281503556824788,0.00023033541381650523,0.1036742916815423,-0.026683743012614329,-0.06190647196208747,-0.03028170076126457,-1.3496456422954557,-3.5720352772980517,2.8405426319420117,-0.031558186095793271,0.0073814132229368598,-0.055624306582109227
2022-11-21,-0.017084751744769037,-0.012355674063728853,0.0010536727234143639,-0.014621570358349828,0.090156063331826172,-0.0078548043659930605,-0.0060917739640889744,-0.11076609852548479,-2.8543721032166252,2.2986167309799366,-11.115702432566502,8.9616310810040662,-0.0062547532780033348,-0.019567740548264601
2022-11-22,-0.0027728990364029172,0.0016549741342648224,0.021155687144516697,-0.0062658126151677292,0.070232148895789479,0.058700990576900057,0.16809937793423207,0.063638419324043405,1.8013751847189003,-8.3097927125586448,-16.293738424034132,3.4456106865767953,-0.004616286231538971,0.034024245029416977
2022-11-23,0.0060116102686863576,-0.021308310476881854,0.0076014752343750722,0.022461060832535962,-0.029253756426945849,-0.01973669855706249,-0.04925413391698593,-0.13138161862638209,14.028549390392982,-8.3321550246752949,-13.806521224222244,-3.4526026823351184,-0.005198010227249558,0.081545119003941444
2022-11-24,0.011150020000349963,0.0031086749261306219,-0.016217365935004127,-0.015834943815618247,-0.032786461876945325,0.0057838910817667689,-0.026917912420025104,0.15269397064403728,6.0773801958226539,-4.9765083010977413,5.9736203888947559,-3.4537576686810634,-0.00022204796297937014,-0.02140361107527531
2022-11-25,-0.0032136910140392037,0.0050714938109685014,0.00871743593051213,0.025658101399131869,-0.083970205423963495,0.13566067449388999,0.054143610925728163,-0.12772898807466182,6.4036894862086928,-1.5875284008712134,4.8418953600569878,-1.0706439016497991,-0.013555797166247701,-0.016175093799010047
2022-11-28,0.0067721553970941607,-0.0062700651603433914,0.023657510757278448,-0.0077534916179048683,0.04916958996047216,-0.043644829121774739,-0.04565381147404278,-0.033580694215443227,-4.1479828892421864,-8.7107331876181124,5.9610839924464694,-0.064153407991031655,-0.0084643781692256212,-0.043491830934042866
2022-11-29,-0.0049098085425400327,0.0025287683098518588,-0.0064391071124624668,0.0043630131842842144,-0.037675598019787836,0.02501483882747757,0.0027507527995647677,-0.037017767103423332,-0.51383749257426115,-12.266158774486604,9.2842535998535887,-2.8460826376635948,0.0047533457214609396,-0.12038257073981083
2022-11-30,0.0030138462810904705,0.004703011646633606,0.00021242364536921499,0.0051637781624052203,0.075838979395524156,0.061281525385248038,-0.080865504159322713,-0.12639806925157757,-0.51569795423337517,-4.9271772563475382,-2.5116601889621974,-5.0019758169922781,0.00020558576888487368,0.027400143241975292
2022-12-01,-0.02511204902094143,-0.013218345634361509,-0.012824190156008415,0.00095171977735751935,0.044222888201252336,0.011239995176047519,-0.0753707110191396,-0.0071336841791334784,-1.4153782618106987,-5.6574033946896893,6.7665926117703386,1.6888993619019848,0.010400558182689071,-0.014767909699676878
2022-12-02,0.0053350625554959685,-0.01878996822811483,-0.0030150474660740486,-0.010368261521525913,0.013790098387554591,-0.21734105679007873,0.027596253344120997,-0.10992101026617219,-0.060979988780938736,7.2940443587202415,-5.2198911264485641,6.848073712656511,-0.0024291926786286478,0.11745913104421923
2022-12-05,-0.0058146087543317192,0.025383852644851435,0.01543102140780828,0.0032879746302292927,0.10752360427723703,0.045917711893282677,-0.049904469609630381,-0.10019326227104142,9.6612292750660007,6.466087583932751,0.4800056703641411,-4.9071603376385191,0.0030606666671037504,0.037476035354231059
2022-12-06,0.006611767996248262,-0.026228907735198106,-0.0022382176961100752,-0.0006528500888374996,-0.040702970972329,0.072888580254848206,0.058999929147628326,0.16246080273966809,1.5724317874979958,-10.441895067431776,6.0887499901913289,-8.2744155650086348,0.0072980755496078265,0.072753993013951149
2022-12-07,-0.0060310045930899985,-0.0003106261531994587,-0.0021573168877905258,-0.0073150849483138236,0.071678245716064098,-0.062931198874656286,0.043253857284552576,0.014190727901997317,-11.048850392283994,6.5656206708194738,-6.3311699814053028,-2.1992743134658044,-0.0062357304778651677,0.033441111419318527
2022-12-08,-0.0046969265201071992,-0.0037960279027162099,-0.0025658355536570345,0.01451595604599806,-0.0006807264365439312,0.049378175192516784,-0.013773758476986343,-0.03709662075551378,13.439060127542721,-15.517123657948002,5.0975743224629095,-3.2530767687590125,0.00027933229845885103,0.042162435892956908
2022-12-09,-0.01116551334084206,0.0051995458755227843,0.0022939889403400427,-0.024641654336674337,-0.13633855760554725,-0.027082041581576982,0.03864027762690346,-0.050934334701454607,5.2345036978420216,0.20707428051972601,-0.40193700271107446,-1.5850128822293257,-0.0087203367252182383,0.0022105193239210313
2022-12-12,0.0076749346170581507,-0.012726973439859224,0.005235185578496112,0.0013273718913044445,-0.053675100568642463,0.089124470025112354,-0.074668804852717999,-0.028755128406162036,1.418228976913078,-0.71187108139445765,-10.788030596094648,8.2220789991365528,0.009581882522523474,-0.063541885361497574
2022-12-13,0.013341175916452059,0.023728762874287563,-0.0087134345356891119,-0.0024464774457162541,-0.030108849055112893,0.080814324887581557,0.062023423109845599,0.077188378537318039,5.6016921076901189,-5.2809945036128942,2.2808345963903922,6.0949457150124466,-0.0046648575471631261,0.11633020005857168
2022-12-14,-0.015403446984965959,0.0073321572831369789,-0.00061404774194668296,0.005999268295921999,-0.047594286998871201,-0.028482759487601688,0.019036451252966231,-0.0025851426894396116,1.3715815544041421,4.6346868655454081,-1.8519689714260963,-10.981396850658797,-0.0087762156814435704,-0.073382699939045823
2022-12-15,-0.017836992725352479,-0.019099760583956592,0.012029373077564524,-0.0095221081564966781,-0.011706158570703352,-0.12415232770576658,-0.042245930138215801,0.033739910336789081,-3.7032080983836506,-7.8658237755564624,-5.3894495784867313,8.263152902436623,0.003545783578596748,0.0803543523835549
2022-12-16,-0.010520240917250909,0.01037691048854476,0.0068429046944372398,-0.016192332710717523,-0.062844078058864786,0.041056698271250497,0.0086886480935576427,0.084168838693354883,0.61208475732641088,-11.671830968535017,-10.053431122300937,-9.0328563361505037,0.010320200534289805,-0.0086486567786015559
2022-12-19,0.014306425802375032,0.0077930206494124972,0.011566956428643077,0.0062377145461065099,-0.028632881539800023,0.00837339248919498,0.15935892151347728,0.058456481241154393,-3.5312213762341869,-3.3137579000717285,-4.9331848421863835,-0.65238852646641565,-0.0031027532239498896,-0.090167354587864582
2022-12-20,-0.0023944258737497708,0.023902289865713373,-0.0049299333517830515,0.016743003460339155,0.073306858857631496,0.058133315352453252,0.02150515191456244,0.0025979867166185991,8.8047639015571431,2.6280963208454016,13.435979087430042,-5.0477905370226255,0.0075646231271533004,-0.17534808635872767
2022-12-21,-0.0089745870995427413,0.016381247075251976,-0.0085645579571312584,0.026073444930484069,-0.066347145134242877,-0.060698717207343107,-0.097307655982825383,0.2056540090900697,1.4400941120241888,-1.6706738833103829,-8.8109992759151581,-7.4902218674894421,0.007769725431336175,0.030471829286845307
2022-12-22,-0.0042532026600012353,0.001034321595974027,-0.013947424692145011,-0.029711567537906373,-0.15259602591259866,0.0077889641646190708,0.0065701745079952663,0.042018550820773673,-3.1310160974850136,0.74196454204427487,3.7575030170285313,7.3492631875047341,0.015385274202906715,-0.028709786358446072
2022-12-23,0.0042584730283821903,-0.012569430004825473,0.0042472038177325602,0.02418432808292514,-0.052134773687037568,-0.0030174351571730829,0.16938590987613114,-0.037712650766819719,2.8909287713020739,-1.4506434108686719,2.4054481693420615,-0.77637327044202054,0.0022702624104024879,-0.0081437878499889833
2022-12-26,0.015599864099229402,-0.0039358271043704856,0.0066786103331812983,0.0059234919008537036,-0.043910809558177076,0.0090233134972439195,-0.012393546684843276,0.050574946072610878,-2.2708095332898202,2.361402330484673,-14.042944668247827,-12.905863122989762,0.0045948897696811352,-0.09000365321842381
2022-12-27,-0.0086806528868669259,0.012096961146784,0.0059130949170951835,0.0030602789310725871,0.12174840615209391,0.0016035726630459761,-0.10833969865881235,-0.066373102461826206,-3.1313459912277604,-6.9656087610281698,4.5224001006868448,0.21542981187905966,0.0061432628024975337,0.061849814102249635
2022-12-28,0.005500632138169574,0.0025857242741128823,-0.0083274016248792038,-0.012965569426806401,0.015384326513936274,0.011735041975299921,0.061418783870047455,-0.10866215774667966,3.8737719082326993,3.8900574004228523,-4.7084024511798335,-1.957021962929447,7.3201569031910681e-05,-0.06359976269913202
2022-12-29,0.0056773287939121857,-0.017170538652444108,0.0022040044153803355,0.0087518191725287683,0.010452508613911105,-0.11554008820909589,0.099596445751039264,-0.12817586964701008,-9.2871452087794086,12.722265162871988,10.711547562299192,5.9715388276778905,-0.0014534012651631707,0.0099231237738123309
2022-12-30,-0.022144851962405857,0.017968779526068679,0.037028196722558797,-0.0028011178763642937,-0.0066212907074904041,-0.031021489698502491,0.018145161481522704,0.044107776884656821,9.832735754483128,-4.1231405383353721,-3.9747321215663902,0.26933934867912701,0.0054623185995608288,-0.1167665573500776
2023-01-02,0.015538782668447413,0.001988033605484392,-0.014663405385971107,0.0099756532157908272,0.057132181892653199,0.0053075916785537457,-0.028539696880225288,-0.038815089873893094,5.9703149189356672,-4.3005505880947004,1.4621160223878817,11.31817908609114,0.0049935989703183328,-0.063827515278169697
2023-01-03,-0.016516996647387337,-0.0028277825436654031,0.0064248892586551559,-0.00072074711334234949,0.056010647667721701,-0.058759505028339862,0.0071774958519755421,-0.066665939061972185,8.6554775144638363,-9.5650311296422839,8.5785396617654204,0.74484957971958132,0.00058994473280511446,-0.17046103464659149
2023-01-04,-0.0019966963696741941,0.0049044364680374004,0.0057867575241005807,0.017675900120550196,-0.014688466221076855,-0.019148939531707144,0.049964423327284055,-0.029986834622886583,-8.9252785157439654,-1.1528106007174426,-2.4419100228125554,-2.9139619072106919,0.0041422599804584841,0.0057375992286291203
2023-01-05,-0.0046214057837541409,0.010590262991601941,-0.0068738360657760534,-0.0067625807813918495,-0.027306262474445193,-0.041029093406225355,-0.00094970853037883672,-0.035195757502876027,-4.6290339377405081,-2.7347767628602102,-2.1308715776293305,-3.3427056927288752,-0.0019429327588437136,0.10049199329634927
2023-01-06,0.010800754740782416,0.012459936932109471,-0.0013945458184887415,0.0057581901723063747,-0.011393037914729525,0.16200541782758224,-0.11325167488330155,0.038539047682944416,2.6392968300876181,-3.4448086318629856,3.3617340371723716,-6.8729418549655383,-0.0052397473312973779,-0.047568687481687084
2023-01-09,-0.01312220966814104,0.014896131305567186,-0.0017110198535766671,-0.0025475385208614644,-0.0078487044008739865,-0.14183667654677493,-0.028207244683900089,0.084679945332684303,5.5906076120419677,8.6233381681125323,2.4882197683015561,5.527799400765268,-0.0013643421331903348,0.062589725120078279
2023-01-10,0.017152944243310039,0.019631883254150884,-0.0090437875494550155,0.0088765573937803488,0.043432590888964111,0.050963726052838276,-0.028516801629843436,-0.0018543105617449679,-12.191804863238083,2.7886276977692521,-0.5948512703923351,7.459491258400309,0.0083945198252628698,-0.038916054567252979
2023-01-11,0.0017500030148251368,-0.0026940972121028187,-0.0057167849386944893,0.00061742921450558773,0.042095947055921068,-0.0056650084482998582,-0.1357495829900314,0.090301908611553891,0.40105813171015353,-3.4343216699819066,1.564437071983749,4.4251745111081195,0.0061733326073401479,-0.068757497494268016
2023-01-12,0.0033020412310234681,-0.0056488745336629358,-0.0059601283495197225,0.017600096562200698,0.063136375004486406,-0.073516672892830551,0.040009606495202785,0.031939146845198121,1.7872972855463352,-6.7924046752963179,-11.001111101230833,8.0389575272375868,-0.0012271967655698643,0.031621400140330658
2023-01-13,-0.0032309751106810833,0.016416372336434594,0.0080399577343397647,-0.02471695965468345,0.059929872907836503,0.10681032182709652,0.04890992927746439,-0.038822625296932312,-1.2207400829058317,-2.6209583318390615,0.33538371004272682,7.4235850546708111,-0.0075367462291444122,0.15237942833850485
2023-01-16,0.0065951047157256082,0.0025609846090931324,0.019823103923000712,0.0035455470004989915,0.031942983535698077,0.032226698744314726,-0.068404692486134927,-0.04219068352488544,-7.0600631283405608,-7.1227692379389929,1.5745014670840238,6.9117190630057834,0.001534313901873763,0.048133257195148216
2023-01-17,0.01197734558359515,-0.0038705645209413573,-0.022111179020789809,0.0064254894186630005,0.046413998156581968,-0.0066432390418166834,-0.047630016180387487,-0.18524550320559197,0.075741897431160887,-8.3547687026917643,-3.4901714275503442,3.8183343755900694,0.0049021423601336078,-0.016336204305169331
2023-01-18,-0.0044307477082870389,-0.012970550164300902,-0.024917450971719161,0.004807420496366393,-0.090601166031945998,0.0019078035539106188,-0.020321123524637906,-0.11279614633531443,5.0578755576054331,-0.75796089985328752,3.209096933520561,2.5917691166033188,0.0042768918684902117,-0.096169994374331491
2023-01-19,-0.0084984399452794051,-0.014468912647064272,0.0017348915541711295,-0.0033412705087009593,0.021857398740968408,-0.040557045063820421,0.061822545916548267,0.062423922275186262,-8.6789862689641666,-4.6594212140803872,-9.0652593693081496,0.76077470892388266,0.0065766134516740153,0.12430496561956257
2023-01-20,0.0043353476962040222,-0.013358642282090825,-0.0072678890842175813,-0.011268373784496306,-0.015806762817368199,0.043233715242215233,0.045803085585319557,0.0030491402938929804,3.2906833199137666,-5.4186672510078395,-6.5487430925762062,-4.8998106106593049,-0.0014190687371294034,-0.065866315275022472
2023-01-23,-0.0025640756327325502,-0.017698947680656957,0.0019821542686945487,-0.001825075952834725,-0.1190895981502674,0.017503517085297505,-0.04129981394665961,-0.009121563461461684,1.3369285900700356,-3.9634628678317636,19.387634643273092,2.0634496890124767,0.0058673956301338107,-0.11253511303646997
2023-01-24,-0.015938974885151554,-0.015098439137484236,-0.0024616653994086815,-0.020092648795697655,0.020753992377911104,0.1221621310870033,0.031886442917537061,-0.12312389212974093,5.4590885555887638,8.2868027859968194,10.913276800850785,1.0923593793986204,0.0053552327162137252,0.078984007205244969
2023-01-25,0.0032249783293186933,-0.0057534593588605687,-0.0071134974320495141,0.012120291299783453,0.14469968430555213,0.025787674382313049,-0.13065055742629808,0.098206685605983987,1.084263465739395,-5.8308360116742479,0.50841143553765278,-5.1050174703358824,0.00564638424860321,-0.04208101933965494
2023-01-26,0.023957208942577503,-0.0075793488551893079,-0.0030588141939305044,0.0064199382051785166,0.10804508394169063,-0.055249677232884487,-0.036051139926021214,-0.035578684018896418,-3.464578557304506,-10.956591454894877,3.8222742174659756,-10.849064997821808,0.0035833667207292707,0.076263016941753914
2023-01-27,0.0064194984833378368,0.00032029373574840353,-0.024830839617332411,-0.0041364935890013778,-0.03570944291244104,0.12572333742581046,0.092185959521467131,-0.069064549268827477,-2.3802782611360471,-5.3849659415007833,-0.35522917884538208,-1.6371189450012134,-0.0033424445233117932,-0.020479958498790942
2023-01-30,-0.010930500696253211,0.025706646593357238,-0.0036456469964894728,0.0018717588520317241,-0.084924217667233085,0.044239868697728363,0.073264754014332356,0.018433255092431069,5.1844143600598196,3.8428588129262327,-6.356355634711055,-5.9877050596476966,0.00040216794887139225,0.076338792918044435
2023-01-31,0.014548342387013797,0.025997915110589586,-0.020711543039234202,0.013395706920002587,0.021694075538523469,-0.12860426334242681,0.051673735142389307,-0.090499472789883018,5.2959314081642193,-2.4331885705504295,-3.4257190048035655,10.788419049502226,0.00042055128285114595,-0.032667997057751023
2023-02-01,0.02048589596192129,0.014937432525396872,-0.0036550043657185239,0.01087463238825667,0.0020723651304320376,0.01185692381771908,0.093320094840910264,0.087090011626170735,5.9125668811516023,5.1680296549523863,-2.1112271686654047,-2.8101602038748301,-0.0017494416524831528,0.03473306554536363
2023-02-02,0.011144596195632302,-0.015743653747109662,0.022306408799520932,-0.0045149644418034833,-0.048276884288622396,-0.040543226831255615,-0.096676252617096337,-0.042246166210514677,-16.199241941990554,-1.8499378856812139,-3.608067648801681,-7.6629596106512068,-0.012901374502851849,0.03347667367360696
2023-02-03,0.016242634441325818,0.018072620425641481,-0.01936817596311213,-0.0039457706473151376,0.07945181672353907,0.12687342630409257,0.083881061925643152,-0.073383003398413527,-14.632297602774054,-2.8831112091665343,5.9705832775755354,14.587271970907828,-0.0050286485733783562,-0.024204632495183735
2023-02-06,-0.015390929619516767,0.021033027254571471,0.00040601810466775365,-0.011906773643874567,-0.0037213152600636995,0.0037141855248230683,0.033917118358676321,0.0034448240574718354,-6.8121581861206764,-3.7834521330885069,-8.9182016663798578,3.4618219404118098,-0.0077712620035849883,-0.071551962346428785
2023-02-07,-0.014413773682654335,0.01095492967467024,0.0050883675133057901,0.0034859063735901176,-0.030876213521226836,0.088676386279779223,0.07537578784703336,0.017721085106732329,8.1946003781899179,-10.224213509111483,7.7662834095701445,9.8069089035648176,0.0074500024321031396,-0.098109456380286522
2023-02-08,-0.015546562298966891,0.010377744405161085,0.0057262151707449787,0.0085751189979404382,-0.060792683135780519,-0.059514008316325591,0.069718865463070823,0.018727637472945924,5.2846613562822569,-7.9487537734000471,13.220122690909578,-11.200297302446783,-0.0001416814766975116,-0.04995309642922411
2023-02-09,-0.00030146078045794093,0.0035956909412045886,0.018628460897731309,0.0046718551112443054,0.087890155133504191,0.0031414533462642571,0.059933283950091766,0.12810264974893246,-4.9138243704245905,2.8998010886346539,4.8514204152925062,-6.642992960609269,0.0054852977543152631,0.086546065386414683
2023-02-10,0.001464122880908304,0.012705441522084774,0.017351064848715479,0.0033153468720725156,0.097811172162594787,-0.030930012166681765,-0.038471175756323618,-0.023980257425929269,-4.7092150854163508,6.4285172047775276,2.5872724163077336,2.079691130584171,-0.005565495457083171,-0.029432338935318523
2023-02-13,-0.0057080108693475743,-0.015287894114090124,0.016846261518713063,0.006907605037707939,0.026071152069537057,0.056458661380924979,0.019344971065288086,0.02246585065521604,-0.47202689148557936,-10.290623630256825,9.9774152115729144,4.4639311295858635,0.0061699010495049221,0.087042750048717948
2023-02-14,-0.0038058552064707996,-0.0093761218425253458,0.00014196485204241108,0.0068430288818206531,0.04345133824921063,0.09287959837618262,-0.026224601020070064,0.042645941164945161,-1.0509617727002627,1.460588479420686,0.53141278231344113,1.6414318470623295,-0.012529541959058647,-0.042646700849437218
2023-02-15,-0.0032668515612451769,-0.0072652454711355343,0.013515160847739453,-0.012120045138808377,0.12332392172896797,-0.011131478367838918,-0.01245317148613225,-0.069956426045013273,6.8566614896817937,4.61219889965514,-3.8701611942758198,8.4137029801620642,-0.0026039844166155582,-0.046024203496688045
2023-02-16,-0.0050683406068175903,0.0099787982887851647,-0.0067755160984003422,-0.010969958742489069,-0.12216524623243401,-0.063064309151095982,-0.14374841302335678,0.054097880764673222,-6.1147803819151818,0.53334297292489041,8.3822194573253821,5.3995251359173437,-0.0052463734220194111,0.058250071068500289
2023-02-17,0.0066646347678500605,0.00088531585933920756,-0.0053828394876927668,-0.017971028664921965,-0.074574185860588893,0.0020629725778858847,-0.01414618303917194,-0.065519805433291528,-10.639047659770936,8.2646479018828103,0.46961672474663035,-0.6047647262929241,0.0019192922494794642,0.030821334742638273
2023-02-20,0.015582669368831644,-0.0077271776600555944,-0.0047665014167522579,0.0096276459286758105,0.012102783067705054,0.1272535453739197,0.073632293798560594,0.05820742332146607,-0.75294533614074477,-7.8817542925213262,8.2757328696123196,2.2427477192369634,0.0023522345806618493,-0.049044399903013465
2023-02-21,0.0092046931747208956,0.013346190315312907,0.0063706140465078151,0.01032458354656416,0.087913905756988736,-0.12175429798175776,-0.12974711329912872,-0.059400933346219494,5.9996152058224013,-0.30598085935195002,1.6849660297821178,17.529085741471658,-3.713515913709247e-05,-0.14880509985492699
2023-02-22,0.021330582016117244,0.0076066404764885808,-0.0025735083699072493,0.019997537988884338,0.023175554991468644,0.019756587030884912,0.061026641476455194,-0.14229040887983804,-7.0825803624109041,8.0066883408324809,1.840583238236593,-0.081273155833408273,-0.0039081997250686564,0.045531413208673176
2023-02-23,-0.012085613095650158,-0.0015812938904176516,0.01075414481084392,0.017952176425567117,0.088992438111877778,-0.10841689867206615,-0.034410310413283712,0.059064255683738576,11.050173608757705,6.8476177724226632,11.366881741590792,7.9510985788627897,-0.00041001331776993768,0.0001139600918013264
2023-02-24,0.0039646791381571893,0.016249437639405475,-0.0062639200515074191,0.012025606567111668,-0.04432759258298534,0.060392452248767839,0.0090801773880719097,-0.030163219360927366,-4.0103572336178166,-13.103619183335178,5.8475380138940789,4.9908675462655179,0.0063616594746335785,0.041132103921536434
2023-02-27,-0.014589996061247983,-0.0018767941967662034,-0.0021155025021505772,0.0084986082600185652,0.084469663078714646,0.25148563680267816,0.14515841521317729,-0.088665994424922401,-15.262333458154774,-18.013569264934944,-12.597120117931894,-1.7764376519312512,0.0076563022187273672,-0.030302824556408123
2023-02-28,0.010204833196483113,-0.0049101925283862712,-0.027543518234880736,-0.0012778226881246034,0.087766081951503316,-0.080397651014866747,0.028117282613838668,-0.058204864406399555,-3.4570070771841865,2.0517878200585975,3.5203732941590777,-3.0197472449671285,0.0079385488788430037,0.058573044235125007
2023-03-01,0.011573163592851196,0.0037040650501577277,0.0091810702394636463,0.010071420698738639,-0.10463745817111438,-0.032208173710549272,0.058479727721358968,-0.028068190283131671,-6.3315650006156838,-2.9716657264293853,8.0626834796330566,-5.6806221137486972,0.0078562588220017666,-0.058118871440713177
2023-03-02,0.0045352844857661683,0.01862413935092708,0.011132330672575947,0.01114297078856257,-0.028844015076877737,0.12438999889086219,0.071619777608271012,0.069380628192122887,-8.5405532420377508,7.8681354028909007,2.0536894695768795,6.8238188435113738,0.00045143239384747935,-0.036377315973788391
2023-03-03,0.0091945352634868176,-0.0071130057023294302,0.01308069900378526,-0.016062764434743176,-0.038729950264987191,0.022322549666635542,-0.098679592058550591,0.098569046635472432,-1.2175620234037128,8.0934614741217263,1.9392969402188709,4.7103397804426086,-0.0049880978635702912,0.096930931085293479
2023-03-06,-0.019265072963747638,0.010418805925071932,0.0030788843039718954,0.0098610097445182322,-0.13273531925611459,-0.11350098981345053,0.088770957899944714,-0.039757026930967318,8.6495225546205692,7.4173877451086163,4.761907176028731,-4.5900279160509232,0.0024061000624503968,0.15616795212195062
2023-03-07,-0.0021912167844557249,0.0050602985693549707,0.018579509038393654,-0.0026693595605545265,-0.037974394005998668,0.011645670640229071,0.13410458601845418,0.089749495426196618,-1.5218974767073536,9.3914198022665669,-4.5663433042696715,1.094900289888229,-0.00074954405122188003,-0.067738030217850853
2023-03-08,-0.016907536501733132,0.0067737672752777416,-0.024671507120967062,-0.010068379099584747,-0.060846527718559903,0.023361141938384889,-0.015339787958630049,-0.12152235422832552,-0.95658433549498489,3.2245711804178274,-3.0009554351567331,-10.898481579677089,-0.00089247827291509877,-0.072377857081427854
2023-03-09,-0.0015115065996269275,0.0036194936555328894,0.0068298474715990428,-0.00058697503451527442,-0.11104550139168129,-0.14140754952020973,0.025258930332975115,-0.044653570173531151,5.6450190298178766,-7.5755741483573855,-12.263163794380114,3.5095839404524849,0.0057048226718242933,0.032747976409557657
2023-03-10,-0.010921838766637172,-0.011403926684876477,0.0059491630914679525,-0.012075680092180208,-0.094528947142503719,0.022278614968753361,-0.04033975502497892,-0.084989093334521121,2.6573531677668791,-3.0147655731665295,-6.0810266906590424,-5.2873704261575609,0.0051193896819578706,0.056969209694151361
2023-03-13,0.0092386941116708535,0.010897571958355189,0.016297949850491988,-0.001571111557638041,-0.084370423832516458,0.0095895701004219264,0.057953800006497691,0.013100373262738824,-0.48828835882625266,-11.790597623325411,14.774187644484453,1.659608630378353,0.0010317335799355707,0.047283756055831877
2023-03-14,-0.0015183799997976399,-0.002529594094090645,0.00997998764950285,0.011447369079551782,-0.051847355721012144,0.095466879393744916,0.041728676365362191,0.088505557698159446,0.32490578440232354,-7.8399194578400646,-3.3723509309754438,-5.9352397041765421,0.0020629535260978655,0.1122605823959652
2023-03-15,-0.0047379024881726746,0.035740517585610983,0.0042745156537696127,-0.015631306129697188,0.058030516972879073,-0.1559228603201753,0.04537709283727661,-0.0082358120231865225,-4.4181114263094736,7.2451837450656322,-12.462952118406527,5.9545521241677211,-0.011432391741729549,-0.033317451313247391
2023-03-16,0.010945148689316132,-0.01171351149706989,0.014906629523536044,0.013002197735817428,0.0059978543191052166,0.062627192659414799,-0.1266955845484817,0.024282904985521613,-6.7873660782927727,-8.7708361458666761,3.2844105468957299,-11.954335731962303,-0.013125805655281661,-0.10267516623022553
2023-03-17,0.025350877317319276,-0.010636822469756004,-0.021168630904358575,0.010524840262259371,0.11398933542885917,-0.053415115998620727,-0.078820165653391241,0.048971806501176184,1.8184856086977084,4.7539716386802944,10.275978609331014,1.9477490558776442,-0.0014542058998310062,0.15657433104105301
2023-03-20,0.013397713115662277,-0.023726103958566586,0.021524858122612241,0.0041875019132272895,0.010639271577540407,0.1041184396967199,0.0015047122953483478,0.027882701312217064,-0.6869654293259293,-0.31885801934944152,1.9010985045444788,0.60760483028152101,-0.0066668130706123707,0.083952529184612421
2023-03-21,0.0074338774402653652,0.0012909494615769644,0.0040142641000704537,0.007279428086138501,-0.012225847952454303,0.0060139596401206233,0.13306617512863705,0.021084807095763745,-1.1991019839373309,7.6829885128043536,-4.9705308657169045,10.823861630875683,0.0033074568609035523,0.036373805406726176
2023-03-22,-0.019803631191550122,-0.0010169838115266093,-0.00059553805599845593,0.016378411276997958,0.086319362101314426,-0.040281373484157924,0.060971241535820772,-0.029712470293847222,-3.84350382289478,6.0424360137759239,15.281406616338913,-9.3037122930869565,0.0094400407695010621,-0.0060999630029600731
2023-03-23,0.017164885364391088,0.015602583872193206,0.0073570856200773343,0.00066832965046346624,0.13861294767475993,0.046806247271200689,0.056259228206631623,0.18339722321890245,-3.0726076680074241,0.85308149803183397,-9.0380403318813318,-9.5795109299051351,-0.0092726322631854034,-0.046491891044283321
2023-03-24,-0.025062712102205991,-0.013210213302490734,0.0091948977785172269,-2.4394880862259446e-06,-0.054991959206729238,-0.13727270242121975,0.060580729279945636,0.085759364076204228,-8.1535167282726135,5.507058348312925,-3.8127462166896926,2.9318820118119495,0.0055165273633917952,-0.094250717771561923
2023-03-27,0.0029011020227163241,-0.020239631782123676,0.0013816221949946212,0.0018622212969413947,0.042119861519204188,0.031087925166023128,-0.1638505180321323,0.014279164294603576,-12.124946290642683,1.3238053769332316,4.4558538326723989,6.2725921401481539,-0.015565207089198556,0.063828635971739378
2023-03-28,0.022781157372194199,0.0042658267094675788,-0.0060441472240486006,0.029236310763456293,-0.014894090363978122,-0.022885814161442346,-0.033378817897761835,-0.072593985426795307,0.516456751081251,-4.172199053588292,0.027719469925901328,-1.8921262701446357,0.0058210249417328264,-0.019392029072632582
2023-03-29,-0.0031949369578838016,-0.00016833176771581897,-0.0046077548092111091,0.0071119526678883049,0.11268568436699272,0.053357473394539806,-0.099340075315013085,-0.10260808334066743,12.668198172783079,7.2465843722231549,1.189615905187742,2.2533690682931242,-0.0019297537491635157,-0.066459599233572822
2023-03-30,-0.02151310966551858,-0.0023780312436158975,0.01105574833009188,-0.019487808721861389,-0.069125498297038387,-0.063205185953708068,-0.0047406215757699703,-0.011199327050292709,5.2441598695772615,3.371248294585214,-6.5211262488481232,3.0929229436843855,-0.00019491252585574628,0.08750308378633477
2023-03-31,0.014029307028901818,0.0077972843485658704,0.0076819808574822004,0.0028439853389622153,0.017752576716121713,-0.057818437973279027,0.070951849862533029,-0.010807530082163806,-8.8881453339738012,14.57842522402175,-5.656382541334537,-4.131671675128687,0.0012450285727175106,-0.0050604772455094919
2023-04-03,-0.023136856703986082,-0.023764449637769476,-0.018941122399173681,-0.015151212025760056,-0.00024526769994120132,0.042807295702291553,0.00014649902464058576,-0.067075758238176048,-7.1804479219985158,-5.1731943863421526,-2.1892515713581089,-12.012245120360349,-0.0035294984118984041,0.029795294355299162
2023-04-04,0.0057003409459157528,-0.0096137270804420305,0.016561517389447038,0.01026369685459618,0.10562997412704292,-0.10849039512072851,-0.1119327435698857,0.11377592246153609,6.5165931886449435,4.9948648316403261,8.2349019287191449,-4.3722035635819019,-0.0016527567942775472,0.010676861176816658
2023-04-05,-0.00065865289964276233,0.0080485111496367036,-0.020052275549778689,0.027730369840169935,0.10759266958352988,-0.07306959145085877,-0.037578145278764297,0.071501053709432855,-8.5917373546029356,-1.2484947836497517,5.5737724120520511,9.5979759954392865,0.0032790666785491407,0.073787841636537357
2023-04-06,0.020229636954706993,0.0011805096927345277,-0.012297193460502735,-0.0034089226539636658,0.10751515280636419,-0.080772998051264616,0.072725563839254159,0.19631970765908585,1.4695467190792273,-0.18273699022824025,-5.611714439157792,8.631554306132827,0.006257229643350834,0.070528919452474262
2023-04-07,-0.010889829921259545,-0.00036510194536766387,0.0016208905779066275,0.0043685411151692206,0.0096735790516681644,0.055074610890873954,-0.12484971969121959,-0.012092244251434577,-10.608219920768516,-2.9250422631452708,-2.795189580202194,7.0154027058889277,0.0029185952069602922,0.11144369415354395
2023-04-10,-0.0046857573173770678,0.008346966241581235,0.021862674016005786,0.00072311861617122886,0.13413828811085257,0.081359746065571559,0.12463934944133646,0.034607854482735859,2.9312623548866714,1.916313722991198,19.027991183681237,3.2603534263216654,-0.00433618654728929,0.072709717697288706
2023-04-11,0.0010528099153908602,-0.019628538616413723,0.00080952914436436423,0.010188537844313162,0.0643482356476201,-0.045879529664011744,0.029901500290243289,0.09038854399582226,5.7458153244668058,-1.1155084286637531,0.52844275516067496,-2.3953516370466938,-0.00021226567463590939,-0.038447965045861301
2023-04-12,0.0057876959638406391,-0.008173767247996698,-0.02022499647338287,-0.0061771908983413847,-0.1511942608865568,-0.038436936312564896,-0.027800791274021356,-0.094174911267423042,7.7064688576168514,0.24691553404351635,-2.7112772942190637,2.2218704854922566,-0.00031153335213528145,0.083507848106341598
2023-04-13,0.013147544712391854,0.0054213450258260775,-0.0054983015400455497,-0.002625940850960531,-0.017317616950765179,-0.1205504966902369,0.051910432368976932,-0.040205068572077542,-6.3093074993439489,-3.6914880337464804,12.919163606247997,8.3628741324292495,-0.0031389388723850661,-0.022812541807220057
2023-04-14,0.0035431315006630502,-0.0090659295595204113,-0.0035985662130534083,0.003931118319189515,-0.07103401767630943,0.12557372481174797,-0.050727318126853729,0.023062665493165053,1.5514139121306343,2.8164096035272808,-7.7071738203395652,-1.5575417303314887,-0.00044873671699323115,0.059812565726602478
2023-04-17,-0.0029160232003774544,0.017424780036983934,0.0071525791581299189,0.012776799460638777,0.043979190391249687,-0.0079698192404254915,-0.034847821081787946,0.076109833346346634,8.3620593361082953,0.10386428426883876,8.2468246751268346,-2.056109644522758,0.0046300663455791195,-0.095399846180848194
2023-04-18,-0.00665761642150657,-0.022340435724927651,0.0073402213825901914,0.0076403309721051896,0.017555275816031821,0.045496076915585451,0.051222737478436614,-0.010806751021638099,3.5333464864438939,-1.6048790218817679,0.73571885171942197,1.2978297969924788,-0.0071274099334903938,0.038134050578998539
2023-04-19,-0.013108660916655577,-0.031900395893006556,0.0093817229186645233,0.0050731818216114694,0.02711431499402437,-0.094093812593330606,0.030026971370538676,0.017727874759266585,-6.3894835938148766,6.3281483571631689,-6.8903540023952861,-1.1377472329451825,0.002474815804731779,0.030908779543130434
2023-04-20,0.0083685603387984465,0.015385782041125092,-0.0026465779203441266,0.0066319770127556636,0.052377568587302518,-0.13821392928526213,-0.10303839214553681,0.0098349592826652808,8.5666132368052157,5.4562872845984618,5.1487830620433916,-7.2529464361168534,-0.00030553809488825383,0.017981153647772256
2023-04-21,-0.028676872471246451,0.0041870165519404508,-0.0037618689866033791,0.019179729928561411,-0.1328976781576873,-0.11686325763249816,-0.077842008366017734,-0.05680496546487647,0.25350245862440757,2.0356430281403184,-2.5926188943802368,10.779940804110844,0.0011330361078050685,-0.028741930999591384
2023-04-24,-0.018174342626576915,-0.016184544255487474,0.0016319621786768036,0.0063115433945244194,0.090420386350665891,-0.090752788299243214,-0.01312761457219635,0.029521573030612699,-3.056579214485315,5.0506185828188661,9.4772858848477011,-5.0293867923323159,0.0017569763082637118,0.075556244103634332
2023-04-25,-0.0088393729602771146,0.003209431566037473,-0.0096133684180413903,0.0038126913293267256,0.026082822189401184,-0.030391903592264114,-0.037347129504311613,-0.012659904390805977,-7.8330304336387639,13.825273154627133,-8.9843746394171227,-8.9462726648401603,-0.0026774357781612908,-0.0060034412957582209
2023-04-26,0.018929768390356601,0.016067691591523131,0.014129806990240308,-0.0088320087302553949,0.037130723363535165,0.0001435677501424227,-0.020353332269697572,0.026274823769524728,5.9054254338890759,-12.558749610354871,-2.1007198986158357,11.381950817438307,0.0032855189554581105,0.048029819703023925
2023-04-27,-0.013790014041718722,-0.0008684710526081701,0.012510228599855566,-0.0041908880530181283,0.019874340157666273,0.18364227375861508,0.060875159183120024,0.015225971842312188,7.4533636289344045,18.516574235993701,0.60720381123966649,-7.7166506506956436,-0.0041856579395492654,-0.035920873930917904
2023-04-28,-0.0037759950800699831,-0.008001965635630371,0.023023965595729098,0.00079281899364213443,-0.023924479322986563,-0.026066986069332821,-0.12585621662654078,-0.058089303251261631,1.8491753523367325,-14.712782286955079,-7.4188379674720606,-3.2356320632407249,0.0099872751140017615,-0.048976625148789789
2023-05-01,0.02676136162053698,-0.0010693941009858223,-0.017811951719428384,0.014939121421505996,0.015501393258453185,0.0014537120755588535,-0.0061055871897260968,0.015610279373752482,4.2712182437262634,1.7650671426265978,4.7435330430679752,-7.9583442915970064,0.00048580413757640822,0.019227583257745609
2023-05-02,0.0080975416501354539,0.0088650059036043255,-0.0044061264742417446,0.0017228343304598816,0.041650208604543541,0.023559072440258868,-0.040220091649329562,0.13555146681860303,-1.68241240630733,-3.8029827562515797,0.87982887670429244,-11.760302183649866,0.0063368244973815808,-0.065318022245240762
2023-05-03,0.0018269280750490371,0.005905715337341042,0.0033272077952481373,0.010905371366458572,0.048789269231768163,0.056965531306773114,0.033436828989294703,0.03327246414034641,-3.6497017679888737,-2.1822952990998679,-0.30332979880305461,7.9743585160955055,0.0026201178569741782,-0.057100525357048432
2023-05-04,0.028993047040187056,0.00074736829148268585,0.026178051828840278,-0.010073402097790625,-0.051156671855457039,-0.066203973905717181,0.012160565864340988,-0.13884188798941041,-18.1790615969757,-10.0821268458938,-12.483062688599006,7.6466557087345706,-0.0012879328776894627,0.054359483299151835
2023-05-05,0.012093217292729764,0.0052367321285767552,-0.0066028346602246572,-0.0097977696747912416,0.068760612038740454,-0.074972584293425806,0.00099041201596074724,0.10139586181993067,-2.0112245537954281,-4.6678781946951204,-8.6871812246811331,-0.18432876325010256,-0.00042630873379225517,-0.030356081075031315
2023-05-08,-0.0083892231679599614,-0.027378959052662692,-0.0031959428403796259,-0.0084537522364731624,-0.039984082926556752,0.057953498910391192,-0.042412301106974054,-0.042499139035013782,1.2879611561378881,-9.1227418535815072,-3.3571850465643451,-5.3437771299062709,-0.0013517366460973899,-0.10032392860487614
2023-05-09,-0.0064447228035917044,-0.006492029257293714,-0.011916176915113631,0.0036794290507934347,-0.15461617175190115,0.072659671635222453,0.058729738462717604,-0.095986331527411539,-1.6402785117989243,10.73845069302029,3.4458305569742391,-0.68738785074196485,0.0025380463110804426,-0.015234123039323392
2023-05-10,0.019835873798310238,-0.0064029290641392971,0.005268494522932138,-0.0091453131872996953,0.029189382026264175,0.062681090808893711,-0.048459598048944709,-0.014865585318228795,7.641292022323336,-5.0896795319199324,3.3925890143959507,-6.4016273952689113,-0.0025375506440928064,-0.043675856127717932
2023-05-11,-0.003287293487683958,-0.0072002813678659029,0.0064778440837291295,-0.029013770623853474,0.1180574002702079,0.016635331796426789,0.026877815203835469,-0.02702035934672975,-6.6702176593094809,3.1667282259822906,3.8669858802628605,-0.7961439289038732,-0.0098410407878477338,-0.04877351982260042
2023-05-12,0.00020504927541474852,-0.0016136328034310581,-0.0033229719754422704,0.0055128374892220011,-0.075381839874284706,0.0079498058184076289,-0.11544636313271739,-0.16466717656566984,0.07376803793743604,7.5743526272846395,8.841957708838617,0.20198067163355723,-0.0071718547165456597,-0.076638216812118048
2023-05-15,0.018691725270119537,-0.020925141044551305,-0.0096240051386019283,-0.018302018483669923,-0.0191917280349868,-0.058019072103309359,-0.014818845914724677,0.022195430700121008,-0.2212072127048505,14.104829606339651,-8.1046314036601341,-2.7455524815626142,0.0058241107859319042,0.0045172661050381707
2023-05-16,0.02691432079782672,-0.0059544518509639169,0.00048811804318766357,-0.017915532763060328,-0.10394116909192723,-0.11770826541728144,-0.11322783240581391,0.011498925928746026,1.7521074443564217,9.6042253215643694,-2.8152402468052329,23.365593718507313,0.0070890851683279585,0.0071614530840583921
2023-05-17,0.010295664666361538,0.016010383528345429,0.010214069322309505,-0.023447443862621053,-0.046403928221842701,-0.044958360264641471,0.034932882585974198,0.071669860034799485,3.3322027905930489,8.2698044267628479,-5.7010985389090791,3.4842870250374602,-0.01238090877230592,0.027203776161472872
2023-05-18,-0.0035132156641570463,0.00093591309014733352,0.0030296578638241904,-0.0057187491445005942,-0.13221250153153993,-0.016421653237685616,-0.11194386391528706,-0.049953726682149195,-3.9340721256105158,7.0124951187865179,5.1639444771660514,-0.77981233471933109,-0.0095481733895570881,-0.049965724377105669
2023-05-19,0.0028750807439728225,0.0013180891257932529,0.0072026022563947238,0.019178948199649284,-0.10292868144627397,0.037750333716175262,-0.050868737047267243,-0.00038448220686542758,-6.0337318170345373,3.2816248749378465,-2.7703111968967855,-4.8909905751281659,0.0064216911195908478,-0.1121514550448334
2023-05-22,-0.00048818977285727935,0.011722449862636819,0.013680536693699128,0.010691026004705475,0.02985309075751227,-0.088565342947810002,-0.022027539072209515,0.087545806003145293,11.328239904268369,-7.6155903959827889,5.82871372145667,-11.836925676747404,0.0054585720807774542,0.043568268121889249
2023-05-23,0.011953353045200522,0.022806125535382499,0.0041984655840449619,-0.0022080825103684594,0.007759148817495138,0.18315995654120978,-0.037743814448192581,0.064365783277814809,11.827384069788128,-9.3807527077466268,7.1716554890181499,5.0828582451868982,0.012655845367217313,0.0079467265771696518
2023-05-24,0.010254575958657322,0.015328625998635935,0.015786618669906907,0.012205055801224045,-0.099224664560741124,-0.030395053215192119,0.027063674133037199,0.01612265880500055,-14.204113737799377,1.0061518845832478,8.1264301419995082,1.9553816048969825,0.015715133165476985,-0.17172497852952534
2023-05-25,0.0090046826495803027,-0.0051246645935744597,0.0035033590695773293,-0.015609053768071481,-0.048047181346255061,0.021848255707504961,0.0045727501360457974,-0.16438291908212938,10.96220515290611,2.6021967728988162,3.1454507529616147,9.0345404816830257,-0.0091743101056839717,-0.047404623659126843
2023-05-26,-0.024816665421053753,-0.006551271090893593,-0.0048100700785294144,-0.030458749263444572,-0.13668998842401306,-0.017266924145311661,0.014508059040241827,-0.053429582156355286,-4.1867994057697961,13.433533914441869,2.7402059218229118,-5.4179911661885445,0.0043772909939202931,0.023505742928751773
2023-05-29,0.0060804281353025623,-0.014668877716236435,-0.015946139070652468,-0.00035395313479393334,-0.041922542634653545,-0.074621561474337073,0.050659082036956488,0.052850504194482041,2.4706894857710768,-8.0789941840279873,7.9298274594576483,5.5604534826105523,-0.010054211696077526,-0.042559820616623327
2023-05-30,0.00075824559090538956,-0.02428691453901612,-0.018447765879210983,-0.0022724604606039743,-0.0054872461053868957,-0.030597977662054025,0.023562545645317647,0.076396566862905302,9.0019126976268993,0.9760156893495231,0.31228299611698979,-0.032009772691090482,0.0069412962916013945,0.015863255685469278
2023-05-31,-0.0074836218421734579,-0.015768238919667069,-0.0067884016974046951,-0.024250366305563504,0.026701962525649919,-0.011860781786302637,0.042945429483219083,0.071754919872888651,-5.5901881605942663,0.90674229218735403,3.7075835750589587,-0.87882872255223476,-0.0065685795231202829,-0.018976106174630972
2023-06-01,-0.0098469113537164987,0.0030017812759706155,-1.1348812972244808e-06,-0.012173190975632658,-0.036690630940230735,-0.017902969302983594,-0.033736679298164311,-0.018608949558890094,-1.3591442886471308,5.6005293030703296,0.99491231141918635,-3.6697717235823597,-0.0025463332114074883,0.052140884956825201
2023-06-02,-0.0094227488828312143,-0.0063018801767910334,0.0062198459945381783,0.0028023321293118362,-0.0051689169345464627,-0.011458583927882408,0.014084288322028319,0.1020340200185253,5.8504386648775473,-9.5593290251069138,3.5751105953324167,-6.7234338593247811,0.0023968567012156586,-0.0065319101236350555
2023-06-05,0.014345143521824564,-0.011481592117934107,-0.0068242919845053996,-0.0070033197621671836,0.037676094009120677,0.12879903597119474,-0.016738935861448458,0.1029465412434519,-2.8077327196546555,5.429606023388196,-8.4089971097199463,-3.0804767471453416,-0.00024204408368479151,0.045445981972359266
2023-06-06,-0.00073619759984869129,0.00098254526235313556,0.0067241990036849162,0.0037926538786480567,0.011539145578815975,-0.057495026648977453,0.18176083175755711,0.081017214065950818,7.204984943173705,-0.72305890068395928,-4.0569543340447005,-10.706748087354391,0.0053820799800544834,-0.078766027111945858
2023-06-07,0.0132976131825436,0.0033964116749727572,-0.002156443191319397,-0.004048370869538083,0.17810557942502389,0.031695731697879523,0.0081045826644492031,0.059125883060953968,-5.0858689837237465,-4.9974677752144174,-8.1627103402290189,2.7852347460945843,-0.0080683088216550406,-0.05538184414628694
2023-06-08,-0.0065901618735054283,0.0019432691691391949,-0.0050486732947540407,0.0036904502785933056,0.049113953911821266,-0.023766203228280765,0.062300055411932703,0.057512124524736481,-10.72094799375736,-6.6843213102425239,12.399940130804364,4.0574039125036574,-0.0039036305464629916,-0.088570020989835047
2023-06-09,0.0084859976292186775,-0.023704933732502424,-0.0087089913003536804,-0.0015235960530249853,0.0017861012311321364,-0.00028746202589853396,0.097060362892561355,-0.0551194738304982,7.125628800722593,-7.7340611034655264,-1.4334783104283884,-6.8575364200725124,0.0025041131534154757,0.020900666923423749
2023-06-12,-0.0064390900618690123,0.012696889228800122,-0.015112550001714162,0.010900306025662504,-0.064905621956998574,0.067929151495168025,-0.059586912691213086,0.058216190412128353,-21.492156461105719,-0.041781181874095581,5.2844936952721442,10.464528994200386,-0.0017972772397820233,-0.12466783002586733
2023-06-13,-0.019353886646302318,0.013636671911223912,-0.0033336892475084806,-0.00084762395247545521,-0.022455320803317094,0.074768429490376362,0.088270172709123837,0.012978762414165719,8.5619902040282749,0.55151508550552841,1.690275001520495,4.5576539141147121,0.0094072615121427797,-0.12855988989809938
2023-06-14,-0.0031678252678697446,0.0033287025583472645,0.00030455013324635417,0.010491410631972065,0.068104835926776394,-0.20997895020266572,0.018020485462841376,0.18844615487529148,-18.17358233129552,-6.4137792818346568,4.399753130161745,3.6692425274163787,-0.0060289788504367366,-0.037896618316047272
2023-06-15,-0.013858241040703772,-0.001391555111931076,-0.010107549943591441,-0.00095460129236961324,-0.07444577863796957,-0.010639494586017399,0.15195020667155418,-0.0081199679305217314,4.5853916685044487,16.954211263071272,-9.6353161495058988,-3.0757550145261989,-0.0011806984032392931,0.045469365259352856
2023-06-16,-0.026775992842040824,-0.023508907109750829,0.013903893440699835,-0.014152167466557524,-0.032672777548135482,0.016434873964952638,-0.0064701729178314226,0.05072181599981037,-0.35835607327340374,-5.2719096240742829,7.6305015352131411,8.8050575328961926,-0.0049594815248807387,-0.0053068284942042404
2023-06-19,0.0057708126960728315,0.0030936889273634432,0.020793993648310347,-0.0025870202719486682,0.11145801755636348,-0.0073390881759382697,0.0011380812036643085,-0.040440385117861757,-4.9913290458933854,-2.5747158032439699,-0.76652827603120066,-6.2090904708901373,-0.0038216471764896229,-0.044062574347868165
2023-06-20,-0.0037838195215993118,0.020147921950120086,0.033690894055880612,0.0025426130831005902,-0.037253370509606143,-0.036604467002689878,0.016378829296816184,-0.12163846797779877,-6.5619832510963105,-6.3227541189233207,1.9659993170771126,3.7330687589433507,0.0068926328851530421,0.0055745538326845969
2023-06-21,-0.012170040630323401,0.0034638590463717603,0.0025577448456793822,-0.016057071944486682,-0.019979796772055428,0.095222393346278925,0.0012871608355733187,0.0034859273014098192,6.2244805211422758,3.274648984723183,-5.6811011804162872,2.4958252538054597,-0.0036773506314982381,-0.017904771714842786
2023-06-22,-0.0021689603495178475,0.016340209930092036,-0.0049375949258718852,0.013740432338416007,0.003437502132084839,0.12224035125825621,-0.0014994271000222698,0.031007625886570429,0.33328728057426388,7.5482210954360225,-6.0541999260786747,-5.9035496845320177,-0.0031220165392982337,-0.056510865419009182
2023-06-23,-0.0041515783625894831,-0.0081362978932466492,-0.0041958184046171918,-0.0058548593315966187,-0.14673051742915746,-0.019967985901137974,0.027026618751356486,-0.057536083357668293,-0.67261105645664943,-3.2944582209285427,-3.6672512982549259,-6.9402787856291592,0.00083332496183226551,-0.095811588988528637
2023-06-26,-0.015779270099344649,0.025845605639475692,0.0089030462115616115,0.0020027247903135329,0.10869540211593734,0.0057546989378297409,0.12256684392688408,-0.055474701522884536,13.341077092568401,-1.0053473242492066,9.6110917589527869,-7.9500432439134574,-0.0063939301276463101,0.033397142337013075
2023-06-27,-0.017490532072869991,-0.0068236932988005585,-0.0045779263506978115,0.0025164473065321822,0.015846865285025543,0.014152108712607293,0.02005524692410603,-0.05988492608082626,8.3064578462677456,3.5636290400746349,4.4834292754982066,3.820049859597574,-0.0059957529641851658,0.044223808542199948
2023-06-28,1.0499000926797263e-05,0.039122993045000574,-0.0044047694286149372,-0.0036407395060260501,0.019992706343936448,-0.076877413059398686,-0.025683149229776665,0.013257244046690214,0.34383962993231337,13.668795568383899,-1.441894544901084,-2.7935785517699721,-0.0098287961761766313,-0.1167240314407771
2023-06-29,-0.010268644435812215,0.0091180664150908187,0.0092027604811240008,-0.0027603805917781723,0.068426428500679426,-0.020792820702325489,0.0081406026615878542,-0.014836924334913825,3.1924562682234967,9.514978168608323,-2.4474442808754162,-1.4587308709540143,-0.0091904468274712943,0.065832070043238752
2023-06-30,0.0021787480387395189,-0.0075881016292589356,0.014495228978057832,-0.012137982621240712,0.10518635570605948,-0.087991607745453976,-0.12500912114705309,-0.055152830773598359,3.7774062081655693,-4.6824767744406,3.5534089244415807,1.2417023122594419,-0.00495503988149135,0.022009971545816558
2023-07-03,-0.003652832835837649,0.01453460881501965,-0.0014693444389028425,0.010535619923418294,0.10283652882406343,-0.020400736676787497,-0.10240892751703154,-0.0023386667866748434,8.7673518424861872,6.6246310344600259,6.8273503649111076,1.0435687132082592,0.0055559043237813849,0.067779673865668327
2023-07-04,-0.024116546224207707,0.0061865901015002583,0.0045720876689197944,-0.0037436333133693341,-0.031224395186713473,-0.064682150791908172,-0.039448285568650834,0.14489494288579677,-6.5022471241210891,1.3059783233888649,3.0304181600851647,0.49239627225502941,0.0047608866387084227,0.038364644135606418
2023-07-05,-0.015005156797211972,-0.0031400718216992489,0.0048975417553425498,-0.0081755878873473204,-0.035622654913791879,0.110274437202693,-0.081348099278114358,0.1564488006795097,7.7767738859085931,8.4340888707687434,7.6258408314228738,15.570069084067747,-0.0025639048210770164,0.012689364929930187
2023-07-06,-0.017120045031169616,-0.0026854706682235812,-0.016734626645547136,-0.0090645971781086535,-0.057247640972635488,0.056120702329989364,-0.028386167079377873,0.021639776972819956,-7.852398944003264,-7.408724744967742,-11.015760727677101,-6.551026844433161,-0.0045249421135981271,0.12526379632480392
2023-07-07,0.0042532504236423236,-0.0027398161478077074,0.0074387092715209593,-0.0087787804956728499,-0.12938313019273398,0.061166494603205356,-0.063140510435283112,-0.049376583103470088,1.6471184450196752,13.566147063143509,3.9981875248216312,5.7852619431876811,-0.00016653654670599515,-0.037143493958576794
2023-07-10,-0.010381185407340158,0.024142647802514107,0.00049691737722534139,-0.0052416387488108309,0.069530767518515113,0.04061630357313098,0.052711539801134688,0.083430140972189912,0.38185800148456561,0.97334890367050231,-3.5289671855132836,3.1630276855492903,0.0068703164616121873,0.11743054932137971
2023-07-11,-0.016922751133513214,-0.013561238121548995,0.012839266203525296,0.0091103235040684363,-0.074974641633026612,-0.019445794337179235,-0.026644311832812309,0.056623593641641858,-0.47974759043476656,-1.2308541923738459,-7.3173388126568355,-5.0660780687116809,-0.0016886031131453951,0.0074643293794785324
2023-07-12,0.0007532766038381302,0.002945198656039448,-0.034432485686381221,0.0074052259828218808,0.0061850553497498637,-0.0022255754887043643,0.12705054942079358,-0.012754480885206098,-0.079831575876572761,-10.820837625570354,-6.3780703448549732,6.3648904557992765,0.014242090939389643,-0.071738050337204332
2023-07-13,-0.0057531172318482501,-0.033367983687692344,0.0078205190943408508,0.021777258826735028,0.0050027370508011811,-0.11802688624143899,0.031979870383349034,-0.01704055375666421,10.872673193228447,-7.3688703349417617,-6.8784764328251899,-8.3250437916609528,-0.004506213014292053,-0.1429133374635804
2023-07-14,0.030200986671776172,-0.0063554583789188447,0.019531087958585828,-0.038527316005863066,0.075684815789912804,-0.065698328690681651,-0.0066123465940726295,-0.047016207524345301,5.236912402922334,6.8180427035463635,-8.6799150398313962,0.78917284173280566,-0.0074611275364190191,-0.11990740471847239
2023-07-17,-0.012167255940827829,0.0068726684952704733,0.024043288337948335,-0.011526761312879772,0.048023361833806004,0.04449666905391144,0.0045654693468795016,-0.059355853455740244,3.3197586839714872,-4.5335040662462296,5.7215660984065684,4.1030045246577709,-0.0048590015899486949,-0.00076425872357308521
2023-07-18,0.0034392881614513818,0.027715916619637477,-0.011533253540757174,0.015395370251697352,-0.037154894217644154,0.04764930504445327,0.090887870572014307,0.062111135555156155,4.020353996420404,-4.3000769831883714,-1.0859087523299382,-2.0878956568957743,-0.0029666065852030146,-0.025341853311145968
2023-07-19,-0.012668865215654581,0.0054811868771932138,0.013238785508753029,-0.0036266057330578152,0.054741798650797792,-0.01062106777439739,0.066674629761898238,-0.067640676598678701,-2.4320636818056642,-5.8179211494947598,-4.0552971487795944,-5.0058933122382916,0.0013262051993510294,-0.040010862928955275
2023-07-20,-3.5084501978558064e-05,0.026024538124444416,-0.005025226762845965,-0.014498512872455335,0.05980693098156848,-0.027840620198869809,-0.05501327407418051,0.020311156811342983,-9.2228154923339929,-8.1756891508631764,0.19790408697037054,-1.7691537307631213,-0.0023922639541033952,0.081338309754548657
2023-07-21,-0.0018972946031166871,0.018640748416610359,-0.013247816586009362,-0.00047632752070231375,0.035453204263270276,-0.055294331196828937,0.095311808539240581,-0.075748663486385565,9.2854276705082803,6.7233229753182044,8.5389845446976249,1.5701062134393744,0.0082182990739724203,-0.087503946233202609
2023-07-24,0.0037445705838863056,-0.022934915358154468,0.0014449573829496234,0.013484915771289701,-0.049307850110576874,-0.11412008148874726,0.046867046464652451,0.029492895638467152,0.86805780995116,-2.5478597877256766,-0.55096646522023285,2.3463663575709575,-0.003508897630104283,0.029984021358369153
2023-07-25,-0.0042159661633066579,-0.0053841839912877731,0.010606472877960757,-0.027423871091702207,0.076908663402367697,-0.031851362055279914,0.03546591455125666,-0.091287507506499402,8.3397293838823661,-0.65096837559624077,-7.0265286431088327,4.1311861342272849,-0.0056915399719249743,-0.12809115889866526
2023-07-26,0.0016237346862293524,0.036961255718661074,-0.011839992407169542,0.0045281695387126382,-0.09019220642761909,0.063057296769975887,-0.003888090930775954,-0.098258463724651759,-5.4469529302642465,-6.4583756479488077,14.075368988572482,10.129022241307108,0.0021734094563148568,0.0068417230933287684
2023-07-27,-0.0095584093283106863,-0.01251160925078041,-0.017333017902125804,-0.0049598281796501362,-0.06225060057413858,0.0016493852595938711,-0.027109799460602539,-0.057140460038255188,-1.3046367495726137,4.9210322676846934,-7.4743547141904525,-2.665208823417168,-0.0021326966910449165,0.062098719259859388
2023-07-28,0.0052031048005630335,-0.0056607499170124179,-0.0061281472172608851,-0.017074536109234095,0.011874432985217368,-0.09545801996924741,0.15864559914827098,-0.0026003168290862125,-8.2300846757503141,-4.5995226386833341,-4.3300552197216051,-14.871465484710365,-0.0031809976108863967,0.10695810899914189
2023-07-31,0.0018489608017163079,-0.021976031858628464,-0.0049042855342376112,0.0047740397966982108,-0.016211750436069677,-0.066061943602061329,0.035485173121721267,0.089904227323185634,-17.777987951068084,-0.53934777215656593,-16.982888033458373,-3.9596997517573169,-0.0011846889338676223,-0.034614505678055386
2023-08-01,-0.015080000360020236,0.029941228078856866,0.00013183332032031862,-0.025657323148656989,0.011089289306609672,0.051059065711969526,-0.098102294901130677,-0.025681844000556509,2.3234466231259665,-3.8374569502336793,3.1705163976220563,5.6939603933936631,0.0061908111916918057,0.041221045172733034
2023-08-02,-0.0098286207805495605,-0.0060427053006152937,0.0036368353041958583,-0.007571963241147524,0.026451121948123636,0.096616769009484016,0.097062208602188116,-0.035689158020853907,3.1768145342179017,-8.1724491750979968,-0.084941205417734297,7.1297686016459245,0.0028654394136754867,-0.0063530398856594065
2023-08-03,0.0076848336361791591,0.0025879929760188216,-0.02198620740103947,-0.0075907400495196856,0.058859181683577136,0.078431518793334945,0.033839985220609575,-0.073962651321135678,9.3541211619473952,-3.2958620669583674,-11.080941885835337,-0.28703865868020551,0.0086906084530752638,0.076485752466974866
2023-08-04,-0.021612234341168837,-0.00012667288373374575,-0.01343351249173814,0.0016552053796004772,0.048700931420900234,-0.0043708636152076938,-0.066375998751524543,-0.083999311780699165,-8.3958485763337656,-7.9006795062823016,-7.6324206461293969,1.8217100232615411,-0.0090553080535084769,-0.045978937934092017
2023-08-07,0.014128651418125518,0.036483912514381982,0.0024291337764125388,0.0042837300659200311,0.0041475126554613049,-0.065595734419629473,-0.0080445773685286041,0.053519259309511825,-12.499043294814619,3.0787970543791294,1.5989456172260017,4.7548673421242267,-0.0015968567216900803,-0.0075411955269046602
2023-08-08,-0.015656240558653455,0.010775697044975521,0.0075130567183150365,0.041664688314397791,-0.014761407179709796,0.057728237285530157,0.077786288339512968,-0.15006094732487832,7.2763799999127334,-16.161920101159915,17.787831051479522,-3.2201561294187515,-0.0053565985383744411,0.12917813393411257
2023-08-09,0.00050457922642941429,-0.0014087761727339017,-0.0022236357214507046,0.0018713022007574634,0.10796253985231451,-0.005161068289937224,0.13313881692870988,0.12775859697721181,-3.5366677573223333,4.7746306745272049,-2.3700332100211758,-19.704314979637793,-0.0034057458678938826,0.087287433912173529
2023-08-10,0.0056663668499348117,-0.0037619871361810543,0.010294918523982247,-0.010866746575809201,-0.049574897285256186,0.039501696253494319,0.015912344788795971,-0.048282242341572218,0.95548662445194321,0.73012658666042451,1.102023335194011,-3.8872245215911461,-0.0042262162917066247,0.12137940571326278
2023-08-11,-0.012104473102126902,0.0018356553160075637,0.0011630562899986655,-0.028023794588199098,-0.0060108489568584996,0.08262355160985109,0.035712345417794882,-0.030244139140947028,-6.4369038758294739,3.057631994520094,2.1032317888873013,-1.469624497920422,0.0043314622023803316,0.070608453555919493
2023-08-14,0.0090087714023477199,0.0044419255622365353,0.015940040473156645,-0.0059563305558554182,0.015881120936750665,-0.1351213339219553,0.085364267308456851,0.0097550857556515883,8.0006468635364367,-12.17384757835841,-5.8791052228587812,6.1217553446128505,0.001648286900131077,-0.003868290147401194
2023-08-15,0.0071122904723608278,-0.022815279190404939,0.0086911879665253558,0.0043239079699197843,0.12207981860573876,0.033061138175904246,-0.13809599604756562,-0.068372855126337923,-3.4806417197666057,16.141750020692918,1.2882226290286847,6.3456286684873238,-0.003337663447092742,0.069335045390681374
2023-08-16,0.0002756428545786562,0.0097024586246620449,-0.0042382322604418545,-0.0093432620661832878,0.058754221742770167,-0.12647310064442685,0.046949694392236452,0.025902586307340453,-12.279477406900947,-3.5787305194706245,3.6762808612341673,-13.49337406719048,-0.00076137526657127819,-0.14720231632225761
2023-08-17,-0.0081725174342864425,0.011276156658357512,0.016743718250899164,-0.02647557908321178,0.017683872724707617,-0.078024535574037851,0.036441232394549487,0.049252902156191415,5.2840657810775093,-0.96969310657943519,-6.9107643671448962,-3.9379004286322861,0.0024212519796585185,0.031443223912447076
2023-08-18,0.00053580151645670664,0.0017425985864086208,-0.017950960958385758,-0.0060946634077095043,0.015486888132785023,-0.10325004329033652,-0.055620576333818061,-0.12724228720926067,-9.3985312324283186,-13.564704850200274,2.0240511148294993,-3.6072826608120705,-0.0035209499815009168,0.025708690226554004
2023-08-21,0.01853298873743927,-0.0098384633142591139,0.0036427115042984956,0.026495782389725223,0.13974839652566559,0.053483046486662647,-0.024412196066178418,0.065527845217031117,3.76359285248801,0.55627812552554279,-2.6211654837879372,-6.2740669689970234,-0.0013611358781935312,-0.097505622918122495
2023-08-22,-0.0060922538612586908,-0.027799317218619047,-0.019279527879070932,-0.0018571073952390804,0.063643837171189058,-0.095250045037545542,-0.016986383379470581,-0.24562480912628568,0.92505236992404183,-1.4272162521118552,8.6359334493662434,-3.9688356685195481,-0.0029431297363264153,-0.016764695335737
2023-08-23,0.0061512464730725429,0.011109725841620191,0.026374261332959816,-0.0079114829123012684,0.094260334548446109,-0.14124539634813169,-0.1933324343942022,0.020703079845709321,1.6719099354849349,-3.8539530520996328,4.2775174119834034,11.166324989069,0.0083454246458468835,-0.023309321841910216
2023-08-24,-0.002757581492785586,-0.013431063290547066,0.0065373610754785342,0.0051691365910148616,-0.073500548398635956,-0.017568761722392748,0.052820599860004376,-0.048899464478512192,-8.1873538599479332,2.9790363101477433,15.823461042723114,-2.495333040345189,-0.0012324039683987635,-0.013171140000082336
2023-08-25,0.0085020143923119698,-0.0012137927398812394,0.030700854337920351,-0.0071733211579657593,-0.066999572217444278,0.056440463239656055,-0.037738336305527601,0.030319409053228403,-17.140779344572572,-7.2147584020592888,-0.80171332778139626,-11.595425384703651,0.0023053624688041297,0.0042734989032117377
2023-08-28,-0.0097083817258018876,-0.0049373366970340482,0.012380232837655552,-0.019288409228837324,0.029481290156829546,-0.065752171219281966,0.0198949214568887,-0.018036468740429471,-8.7742175496826551,-3.045446082242854,2.5854092868057803,4.3765064758482346,0.0060670583773547535,-0.016860862722973602
2023-08-29,0.00181543230161156,-0.014423672023970874,0.0064021215926891575,-0.014858769779337852,0.034275806564049584,-0.014997564192839779,-0.001270427960018876,-0.039041709183460283,-1.5978219683936317,2.4029220145249819,1.1440258565583099,0.92496844302421766,0.0026814624886612468,0.075497564534789924
2023-08-30,0.020286989677415386,0.016295734100563636,-0.003854876120964038,0.011061169714072743,0.010555576020461119,-0.062197383066365401,-0.033596424070945839,-0.038810709022520477,0.19049078978998291,1.5285379179645677,5.1295033708453026,4.341988974493626,-0.0012110990243694962,-0.048033263543275716
2023-08-31,0.016282823468311378,0.0081849309547465093,0.0079901881491582661,0.018213747791830555,0.0046389958416416044,-0.13861591148505295,-0.02388996299906174,-0.088698808947035065,-9.7177304970840588,0.9367951427077571,4.3099002018930905,7.1276547713823879,-0.010840159072284392,-0.10028303075096338
2023-09-01,-0.0099316016029981306,-0.0061175079694805838,-0.021812310294999408,0.01222259077559695,-0.02228218521548523,0.022026895578531786,-0.14643468876327173,-0.093407891852537853,-5.4455296619786946,-1.3953203438408583,-7.8350241774027314,-0.39906105456078561,0.0062958380418505159,0.043582295354316111
2023-09-04,-0.0033216737548645622,0.0075368067267838623,0.0012546923630842386,-0.019458410764050357,-0.033956468453367812,0.027646270224908665,-0.079524252451302374,-0.032720171985585911,0.15554199945494096,9.7899318823050692,0.068230238511938379,6.9330783629601802,-0.0048768481750167255,-0.051487707573498215
2023-09-05,-0.01310562579934739,0.010918573810364622,-0.0053126043082097037,-0.012479410960451579,-0.071146072874468974,0.088808345213562304,0.01447935421988871,-0.0052312557436711739,-19.998407742672036,-8.9726273172999829,6.1420566268378494,12.130430035551058,-0.0034851937336428502,0.0027900363282017562
2023-09-06,-0.018045455963639819,0.014135414614453543,-0.018518145533417168,0.0034378284375959386,-0.10260513706873163,-0.0098985695417600546,-0.010588438683986758,0.05665046911990268,3.6950016013482418,-14.094139570232031,1.7498130662728659,-2.595544643734033,0.0051402863496908882,-0.034166563182425891
2023-09-07,-0.002137040876174522,-0.0029602680813354851,0.0015064474858989326,0.021342862830761644,0.070085519736337892,0.0092796955620404846,0.082246112309612388,0.015472502993996447,4.6452595272675232,-0.044859177779218683,-5.6274527441601396,0.67893531910947624,0.0025453589826321989,-0.064724137839458795
2023-09-08,0.011421543596590826,0.0021034928171309044,-0.0039766715361725666,0.015784234894505769,0.082873211095157995,-0.04791299197583198,0.058991447799116227,-0.076746991416395682,5.9766455692309171,2.8121044831255411,0.86218744320503404,3.1909231422899502,-0.0024579853538544459,-0.031946151988834777
2023-09-11,-0.0063724636867603501,-0.00027387875853350648,-0.016891438720798416,-0.01674456355854962,0.0605582622174188,-0.089834378556740604,-0.13926940602767973,0.047796392748307152,4.019694740970202,3.4450985376874024,4.6755683693413586,2.8227393000324823,0.0039260240656760819,-0.051917052077366466
2023-09-12,0.01424909746491642,0.0035955879808776351,-0.013731043614949192,0.013129808624374196,0.07749665045149487,0.035288146078839885,-0.088283064091060029,0.091195394010542996,0.1966766512283554,5.7403623692085732,-4.6876251556969057,8.879681443635917,0.0028452888787438347,-0.051937090605500537
2023-09-13,0.0014288527132020423,0.0040795976077968527,-0.018174658739968944,-0.022492676365452342,0.036845578877803632,0.0064214044706944204,0.013300702540913688,-0.0040911510761433793,5.4619401351820684,-2.7233787475667217,-2.2135205263844209,3.960309619537032,-0.0013348443524627983,0.0044828074487077143
2023-09-14,-0.002322249671767849,-0.0096912603683799985,-0.001060744617793929,0.021068846264161837,-0.025173479318341133,-0.16703215201640834,0.042190903978681416,0.014552151242072375,-2.2446362334563901,-4.9052377108267287,3.9242850457550076,9.8956116883327816,0.0023829535029135894,0.10644597770796334
2023-09-15,0.0017057531559194236,-0.013252016410362215,0.0051545953043068363,-0.019395876174301874,-0.019543578245913126,-0.047957723054326093,-0.16486115332560841,0.084209677694988813,-4.0900433920787354,-2.9095932806874689,-1.3503145632865259,3.4293072091434538,-0.00043348676025158512,0.09110171056069126
2023-09-18,-0.010343229567545947,-0.0087533370811383512,-0.013445145315033248,0.0018869060613914597,0.10409995079268375,-0.043268634261992484,0.1984581360146721,-0.043638229675005795,-8.9144520703709365,-14.857706804892421,-6.721112681092162,9.7146513003208295,0.012206977909889203,0.022349074950403443
2023-09-19,0.020715402455820254,-0.0039182038338450454,0.0030864563327190728,0.016253985624797244,-0.027599350122444324,-0.0547408007385932,0.0054517853709278299,-0.073663894321824464,5.7406698608996649,3.3773949254658704,6.6823575474679444,0.047264853292204256,-0.0025671530883213233,0.10515093036251361
2023-09-20,-0.00075921871145044346,0.00011748560172003058,0.013631012076634313,0.023983488631458244,-0.016418206470092209,-0.10525372749350427,-0.10787039959281514,-0.051273029750594667,7.7259939740354051,-15.102787608007588,-3.0652703380980908,1.2555680799307618,0.0045973408409700229,0.074889265410861328
2023-09-21,0.015128475218424028,-0.01313379338280393,0.0072907072311786739,0.00068087190299225171,-0.014212473487688934,-0.044840277213126882,-0.15900688339587188,0.036234015422583865,7.4841114328712033,-3.6090378293019487,-0.11913059171765061,-15.939619147850893,0.0059667502517372056,-0.028661260978127833
2023-09-22,0.0056015545667759334,0.016763901713397113,-0.01286021604980077,0.023928743840357682,-0.068139091503337607,0.036459516493252637,-0.023373212489220117,-0.011724784582298038,-2.7282408312230699,-2.3194090709835105,6.1206652715705818,3.6369914618616734,-0.0022878996069900914,-0.078781311467934642
2023-09-25,-0.014029840750905213,0.012901336081219454,0.013711808005797372,-0.0012933506922830321,-0.047989382227630828,-0.027901748016900076,-0.024774319666502197,-0.026345637876620583,9.1340929952567596,10.833854524793434,-19.315531584733435,-9.1760768555324059,-0.0021853102228746508,-0.17069573460773052
2023-09-26,0.008267029950766858,0.017111580663457023,0.017077041603662111,0.010030185735451093,-0.02287970987451517,0.037125532752780979,0.02262753994190728,-0.0031451700836510762,5.1023945237429746,11.872664720968944,13.698835627018198,-7.9527981896411637,0.0061919647110417753,-0.082648054005529867
2023-09-27,0.0034490511049317923,0.0022134277089942453,0.0075488487264425566,-0.00071212926327981932,0.073600816548573172,-0.044871529768417122,-0.0083042264142537733,-0.050463744271827898,-11.275540234497866,9.8826879077883305,-4.8731365857894824,7.2917421636688839,-0.0093361777447475511,0.091916991371721934
2023-09-28,0.0059704409032450539,-0.01031793228528249,0.0088292675314062506,-0.021120885766188077,0.0071023698664540941,-0.02549208209199904,0.066682908962475543,-0.004447001664625385,-2.6497152956278596,2.8769223948405935,-2.2029887235156611,-2.8005381737041084,-0.00034177894191817875,0.12363543510979648
2023-09-29,-0.010869629310692665,0.0052213027507348542,-0.0048495525778609562,0.0082414353946948481,0.06236287757341645,-0.066900029574080436,0.049232429150526655,-0.077562214928512729,0.44875024299235911,2.9201260009256815,3.3181327167917787,-8.0086325378082357,0.010644829188976577,-0.097634822218331238
2023-10-02,0.0046080870690613134,-0.0032974755887724442,-0.0061938065461760164,0.02167327815330115,-0.080873755515448287,-0.056202836365730341,-0.1036855986536083,0.021737076760018469,-5.1680665280057676,-4.9777696709883426,-3.3491568709978123,4.0619320905612373,0.0096739185165084177,0.1890159181008699
2023-10-03,-2.0644918566517663e-05,-0.0011586457676613243,0.0068961819318272329,-0.012174522682619232,0.041264844539618942,0.0074946998823311496,0.090006464162704969,-0.04014048893289146,-2.376620367324767,-1.0083428376994896,-1.7474945243656423,3.2166873226049417,0.0037406737458659822,-0.071431568152508312
2023-10-04,0.024803967087874225,0.024430598687648422,-0.018863384724917331,0.0062506084923709231,0.11535592917863718,0.026179287612136053,0.067523309650283608,-0.022174313590012113,2.8535178468737352,-4.3690678418063156,-3.43179541851968,3.451355246916163,0.0037919317148979005,0.026680255834441752
2023-10-05,-0.0017755467722175358,0.0027077576377872526,-0.00085848089524993788,0.0049110092972039446,-0.099250153201619853,0.053762143629355129,0.036069928899640946,-0.081375397639724498,-3.4009862369657293,9.8756242406505557,2.9600151236858814,6.7850264034696615,0.0094956458852625825,0.0070160619942460463
2023-10-06,0.010804928738864314,0.0069418091656508205,0.0097191532536201088,-0.011680652766200346,-0.047575846717098004,0.040126300159298231,0.029299890845142423,-0.0065716239973188408,12.63487013897392,-10.960989606416062,-7.0844143338967616,5.312641827361257,0.005523241025987999,0.020494608915558255
2023-10-09,-0.0063501590023177755,0.0035229399005470246,0.0088357513331834212,-0.0067387784211215412,-0.09991862743873367,-0.0057257460337275072,-0.10058903914158815,0.13957239777427594,-0.907490627526779,5.1045660377045641,-11.252476857588915,-3.3272208158977099,0.0084373863002075861,-0.022062135001856126
2023-10-10,0.0032918593984183385,0.0029701608887433323,0.018576348031028259,-0.0089068601640578202,0.056467081085044502,-0.05495012241851939,0.0060024780328046213,-0.009734074337470618,-13.293310478595778,5.5412757310730765,-9.2178709318465355,1.6409541664498657,0.0061421244235526336,0.050815682456626661
2023-10-11,-0.0013552962542439059,0.020836757524569618,0.010597252173433791,-0.013456317721815866,0.057331631690646985,0.05741668714417076,-0.035196137494543825,-0.032177128590224313,-5.766971390327039,-15.646831824096889,4.3657828744898319,1.2287226833147844,-0.003297658665796047,-0.076034650716329533
2023-10-12,0.014073242090354167,-0.011486174275090492,-0.0036690872251452359,0.015464478724601886,0.14509264466867258,-0.056775778178437625,-0.15097811377834536,-0.070147184175721231,1.8569786141448421,-3.4029679672912985,2.9058685070811485,5.8810500473201399,0.0026760626724003536,-0.057068331492554157
2023-10-13,-0.0021316694779684644,-0.0007245634852037859,-0.012384038836118704,-0.00051992904781693707,0.026864908621459609,0.093166974308551975,0.064328316378459871,-0.081935332513155268,-2.9331983175033924,-2.9729028274267897,5.2665714412458495,0.35507943707277934,0.011908179721944597,-0.032142500860396647
2023-10-16,-0.002464002938608907,0.0010267551487361257,0.0019698036602038686,0.0020816713688539337,0.14764129393115949,-0.034996243742275453,-0.060602871982470843,0.050683310674460795,4.9777197263218991,0.78251286092790895,0.72635868465609299,-6.9943565117557922,0.0075454867276455164,0.073732890818062821
2023-10-17,-0.00011957885992219295,-0.008593380844243435,0.025135477930873548,0.0019480027095388822,-0.072163612433009075,0.082533021825331759,-0.086976303248132464,0.10929304223108922,9.8927085556523586,-1.6306045183133517,10.253989213029733,12.392149685366824,-0.0062950161683363879,-0.036427945381341496
2023-10-18,-0.0352836100542121,-0.0078135991277053559,0.00064380994523048564,0.0045020567721785702,-0.097115682143855617,-0.11315288942717275,0.083266546988019649,0.076832918369202918,-0.69398308427737387,9.9656671080440589,-4.1899824445708003,2.5690758622330541,0.0039395792269522724,-0.045630477159723903
2023-10-19,0.014318512338249382,-0.011371737183301254,-0.0034220288562646964,-0.011493109893908629,-0.10459928561932935,-0.16506714412004678,-0.028143858253325091,-0.046970012975695738,-5.5953486651841935,-8.9594228264600222,15.445360927821577,-6.2684108635773068,0.0064105888663968979,0.15174271290505043
2023-10-20,-0.0020108437080630791,-0.025787747229374599,0.012267198527267599,0.0021538638465764901,-0.055011878637765459,0.14626416182269331,0.067851593074085448,0.048669511380466088,-2.8550011355367468,-6.7703427995870591,4.4725116266437031,0.84173889250851486,-0.00018711836616696156,0.067568186299862915
2023-10-23,0.013225629284521518,-0.0065944477105625314,-0.0014162739868971346,0.023523702956201362,0.028929152210955978,-0.011375062146265465,-0.044539620363390278,0.077444759109919895,9.9364334186708483,-4.1471478754324353,5.4099299100903684,9.1566302615409185,-0.0035037517534418339,0.042316507279418603
2023-10-24,0.024812116309701815,-0.013644375750970654,0.0045515732955219903,-0.021651757711623986,-0.040907954727103547,0.093933775591829666,0.0090828701172430502,-0.030864038248406656,5.1600838693733406,-6.9510517807687782,8.086465381052129,7.3744283986606725,0.00513925488217071,-0.15868506845903582
2023-10-25,0.015487442107272879,-0.0039922524306435165,-0.001123475820320013,0.014002435705407502,-0.0049515415935546111,-0.05220738404236315,0.18970400426441505,-0.016173183443331855,5.2200810401401938,14.736271183132708,-3.4647327991147101,4.0414242918810235,-0.00694249630071332,-0.055409252149648931
2023-10-26,-0.012194448147814323,-0.013785683488839563,0.037757142278087304,-0.016847763952066813,-0.0075909030594323648,-0.030912561715965663,-0.034373215334671324,0.029799647455818489,-1.732973573680662,4.8690938442896297,11.165819986240763,0.44847567243624342,0.010503150384439249,0.010756326930348446
2023-10-27,0.0013012394502909354,-0.0041696579443616993,-0.0016322926049488829,-0.0082481546571068123,-0.049432741997796757,-0.10609526535988585,0.0060443070167898461,0.036502429379684606,-1.5782115023555887,-1.0370005505003486,21.038700294960901,-2.1757972474838176,-0.0011827130564950855,0.03377890595622484
2023-10-30,0.010139085944275469,-0.013281670142730646,0.016416398777934604,0.0068109733111856637,0.047441376950442309,-0.0040886791523698819,0.018742035689522013,0.19473149230921896,-6.8439388939051851,5.4163877086019925,-5.5096137883452965,-3.3028281437044082,0.0041769521735777844,-0.068006292206834601
2023-10-31,0.0041409240786055325,0.025362788834117318,0.0040256478707628215,-0.0092818407840478435,-0.011224962503943106,0.061357927156730448,0.12535355082215971,-0.025918072273679836,-1.2892130503522596,14.836768361734702,-3.1179903469975474,-3.1360562569214854,-0.016531989112383922,-0.015715492258690938
2023-11-01,0.0070389851787008764,0.00019095578300972702,0.0067863497256145395,0.010837219195314971,-0.073737710116168476,-0.079073713902632264,-0.023486794614392729,0.018485153827953418,-2.0195340722806132,-2.0459453831873002,4.7350190819463194,7.7662933402844176,0.0012079750339236452,-0.02754691869913703
2023-11-02,-0.010326611001515553,0.0013041090053666304,0.0042481988998492246,0.0091514360804398447,0.072751436122450538,-0.060610947245315946,-0.098488405231814888,-0.032096330778853654,-10.652868277565673,3.0326242549591234,2.8342531953023644,-1.4505771993391681,-0.0008306879322628639,-0.1038207977779582
2023-11-03,-0.011901736848800571,0.021100150546559029,0.015221873789668858,-0.021877935593956458,0.082302218830364288,-0.062562637441489585,-0.052151419893082113,-0.036121757176580532,-16.28130001947795,-6.0218985824003326,0.56001707322121386,3.8653805988404009,-0.0027070192879185937,0.051542184743855857
2023-11-06,0.02433883574097518,-0.00070993491197954598,0.0045406561593592572,0.0041538690299304706,-0.087328903318239573,-0.10313785470487105,-0.11498506567406705,-0.044818900085460037,2.3712249472159934,-6.0854823878579207,12.186415986365974,-9.7276985733424208,-0.0016155435713379922,-0.064084922109658007
2023-11-07,-0.0026527097400613872,-0.013168419437375352,-0.0026578815578611982,-0.022547812571050707,-0.1187263942335909,-0.019240769030158141,0.02220858911429183,-0.10503683810651886,10.640022164516537,5.3907701703722211,5.81366467692939,-8.2238131726873007,0.010259521967085296,-0.11791570399383877
2023-11-08,-0.0040189756250967228,0.019261159090177837,-0.0044839372689640432,-0.0031425989395746758,0.017441953809184584,0.081132750096369707,-0.0074172783738800522,0.067760378096182919,6.869509683813102,-8.3958572243821408,1.9684860172116778,3.8175855385033675,-0.0039169558654205535,0.050349937208982821
2023-11-09,-0.011521792532485708,0.007534193893193937,-0.0019860061201918428,0.003577691659841994,0.10006103285383507,-0.039698631097912926,0.055102124148679855,-0.0025434240197907028,9.4177127139723176,-2.9702520219252997,-4.8812470246359441,-2.1051257167229185,0.0020942085755560527,0.040471031439886382
2023-11-10,0.014359308064000204,-0.025580025005250709,0.0037743106886999494,0.011046806656165883,-0.072786300186107683,0.00033642364742969913,-0.047609497214642173,0.18280671613728919,-7.9329718812543177,1.1797830788353636,4.5280026335928065,6.89076004143267,0.0056684447618843116,0.036590599501364229
2023-11-13,0.01466252766504233,0.0055322784174440783,0.015642434494836068,-0.0037260162696448854,-0.083680521043275155,0.051438908377936667,-0.059677449786779461,0.019299720150258007,9.2665669748434158,11.446246400830383,-2.7389175498395328,0.77922994517206212,-2.9666822543163485e-05,-0.035050443565525807
2023-11-14,0.015987228664113198,-0.021383052644323785,0.0089430330992737329,0.0029013935144266449,-0.024955343251062627,-0.064641024108565689,0.0072690289671058193,0.047230505125259024,2.7757828463103222,0.30333377245920229,-1.796322548502761,7.7460420433765513,0.00092366274090451245,-0.074662010611126831
2023-11-15,-0.01313550466954482,0.0038250594002888294,0.011018468105050907,0.01755762438101496,0.029460628927353294,-0.027512503629603283,0.063672925107116946,-0.026627869788320588,-7.0230995017322435,7.2093970097877165,-0.24058179515170386,-7.0167700710648244,0.010935335448999542,0.088452348959949106
2023-11-16,0.017693271747841584,0.00013086289810027447,-0.0059682504231803437,-0.0059017434052942687,0.031604849775997652,-0.12829439170411908,-0.03229263629388765,0.0043241926734374275,9.8376688217001345,-4.5590797731119022,-0.12858491937836128,-1.0637690643869562,0.005496442964944389,0.14816259482751873
2023-11-17,-0.0057125093931506693,-0.011562812626901954,0.011852925234837058,0.0072347586995627133,-0.046008293423008925,0.0032916919228995058,0.0088590144259928418,-0.018014726894632158,1.6658277929678413,6.6960154851692435,3.9802980958822753,-5.1149870778823292,0.002298161004046628,-0.053237036118156014
2023-11-20,0.00053832057042427239,-0.0084676983383182806,-0.012630829841825949,0.0031526994682144053,0.1557654816728872,0.033734520951308404,0.03317918687337227,0.033330032109694666,-6.7788720357718582,2.9172829493638526,-1.5870165348894105,3.5261133792976755,-0.010360000145881978,-0.013091505755542665
2023-11-21,0.025542975969025002,0.0042352877688132725,-0.013065490407551847,-0.015170927375252727,-0.089847782663212097,0.077298368410625998,-0.014617285980068208,0.037791414707148877,-5.7930884721758495,-1.282238103842658,-14.074597413172157,4.3190137469253154,-0.0084057341841320549,0.019430343720077885
2023-11-22,-0.0086170341382075834,-0.0079800262671885763,0.01303653148114077,-0.012870809283751013,-0.12207228094560935,0.03287580189981508,-0.13942225580984149,0.099856117463428665,6.3625069247509263,-5.3774694993415073,1.4593406821980277,-0.19692497723313812,-0.0031038458765859128,-0.13843191389548992
2023-11-23,0.005940984867540606,-0.0012811802251014835,-0.01795851356186598,-0.00023546735590982074,0.011080107282014542,-0.039454041717313169,0.09738973048856675,0.0059394168514422477,-10.850334934831974,8.8147882244681952,3.1011563488184759,-4.1844599848446098,0.0044740771635926116,-0.020448373256472745
2023-11-24,-0.0050082615102841517,-1.3509419177059148e-05,-0.014864610707424541,0.0074438696530318054,0.11175468679713987,0.092747469543659977,-0.12909367571687649,-0.14353847743490356,-12.567081687090147,-6.181120676770913,-8.6088501629456893,0.26404208606896867,-0.0076684045239185945,0.0096434607352977701
2023-11-27,0.041613101655330331,0.024182193934451573,-0.0047012878750052056,-0.0068364768130531476,-0.049100504782957514,0.069332885071958644,-0.028913735595535148,-0.022722678379956389,-12.785488294448708,9.1761703113240749,-0.9378265660744417,-2.0491179251696128,0.0080499589501404848,-0.082423602418323666
2023-11-28,-0.0044364499586716736,-0.010644559950691199,-0.002516437869180369,0.0088384966926544715,0.042157584815546885,-0.062092287298095503,-0.05030160298181191,-0.075134338271111781,-7.9323276410403381,-3.5431776556228396,-0.88480402846466832,-5.3826705216799127,-0.002374349253584096,-0.11876280177149952
2023-11-29,-0.0077365225120964399,0.013574929829183464,-0.020398909697664273,0.010787978476430392,-0.046808024992942156,0.017802844870132412,-0.023410487143228385,0.037281247662587932,-11.875063748140073,6.7608585897164266,9.4828493849426074,-2.4013361377783684,-0.0069470467005982653,0.083271890235328647
2023-11-30,0.00064559387845691287,0.029641824605178529,-0.015557394756020809,0.011194319847660438,0.036892982563012863,-0.22479073257040186,0.0025744145477805259,-0.025249411063958661,-2.5476335460512116,-7.8263622516901092,5.7067870207823219,5.0643186154459485,-0.0095470130995835411,0.06195442852524808
2023-12-01,-0.016525118163186171,-0.0066827785360086388,0.010264467075704359,0.0026909058962599542,-0.049411778212221494,-0.04676389208909467,0.1890451420717775,0.24124298270587358,-8.0478319839275922,-7.5588209407135292,5.8769105436957503,2.1320057952150053,0.0033898961765794974,-0.053680199757418258
2023-12-04,0.0029947632626276619,0.0016643022352651911,0.015746328133975338,0.00064004259783733016,0.025764336938545476,0.012760368328223906,-0.019824379223740744,-0.097266965638884692,3.0484345230065348,4.0974142031367764,-9.1613480569824706,4.4934844874847641,0.0028859277246315058,0.089147810418039458
2023-12-05,0.0089126421932275643,0.014784275725945761,-0.0074829404424764673,-0.020639733328816079,0.0080690383397200114,-0.027720290107297148,-0.20670311948328618,0.042158774793826098,1.9344520984083076,9.3363593859184135,6.9494154306330662,-13.989891187023227,-0.0022106783315095652,0.019070973619835747
2023-12-06,0.021181034573195458,-0.00026767644125367249,-0.01857274883433253,0.0075538516404928657,0.0078343782746084657,-0.034799442354102303,-0.040704570055449786,0.057549412054337404,-8.0891588716427734,-14.751628525612009,-0.39545254984443956,12.703143327418703,-0.0012358418250470848,0.028976010810231909
2023-12-07,0.023595966356621045,-0.010612696210494637,0.001074164690112423,0.017138990670956745,-0.099726532388262179,-0.058497974035406852,-0.0010277447618479956,-0.11567122189921154,3.1416999276760933,0.18931273678856317,2.4192422416458599,4.7104756373339445,0.0055016613550667674,-0.093015269224656458
2023-12-08,0.013716803789089193,-0.018083845529859546,-0.0037947608517604988,-0.0055330273562249378,0.050798404664421426,-0.0010379525516812725,-0.055626769919604489,0.037949781570061639,-11.628443151896899,14.526703660291268,-7.5970338216702338,5.5092010833458005,0.0005101197539447846,0.016391720750064048
2023-12-11,-0.022712171077581694,-0.017655548834438175,0.0037842558264783903,0.0085025163003134719,-0.040895339703228395,-0.046287138391041968,0.16773675490171877,-0.0011709513770624034,-1.6013759791923194,9.4472289474459448,9.3321057182973384,-1.7096980374577686,0.0078413550643212614,-0.24349695418626741
2023-12-12,-0.0097010118129096483,0.0099152030612254839,-0.0027090869827022549,-0.003024829816575442,0.025661582005001255,0.050871226997835653,-0.096508047496565427,0.093893144121212635,12.831734570095085,6.5405136632977445,6.3605115266051415,9.4045146357629363,0.0011617694641099378,-0.17287456168447923
2023-12-13,0.016225411343633832,0.024085631873394204,-0.015692833406847354,0.0082058101722944574,0.069107452215715529,0.19023640618393048,-0.018724278695830127,0.054182837964514306,-11.548110737210749,-7.6168669802025821,-0.66588409405386972,-0.13367947548708051,-0.0053214324536647239,0.076647921397073993
2023-12-14,-0.00032326158629338627,-0.003635492666761486,-0.011506148240624101,0.0020483985238066234,0.024001309066874185,-0.011613737602735255,0.051302708986940386,-0.074469977284224831,-9.9366637338846413,2.4637755761518942,2.9231193234656656,5.3716412069557213,-0.0013868574886589905,-0.063942385876100113
2023-12-15,0.002347826928155002,0.0057453373483564493,0.018350140679696609,0.010056329739354653,0.05785159124568752,-0.0059177837503208595,0.036898547103749568,-0.047435038064589548,-11.195272584316395,7.0970082645204879,3.1586942979454027,-3.5641309919424113,0.0087637586110227757,-0.046374339743114085
2023-12-18,-0.0051200198448226987,-0.0043475602795479493,-0.011318417976278528,0.0020235574431171715,0.041446250672665615,-0.068074494958394932,0.050691074859513428,0.081455098464328246,-4.6991717012274643,11.774981281232423,-7.274830652518018,6.4162273242390029,0.0016444992880992387,-0.021598444290419259
2023-12-19,0.0094893579441127866,-0.022407820656637319,0.030185890415365287,0.0039920194913108786,-0.12084821401432434,0.060038829090403006,0.062122553048287288,0.076584378951482332,-3.4555072111470366,-6.0243180398934477,3.678503528439002,-7.1405454645106774,-0.0045810842523518087,0.11114809914478181
2023-12-20,-0.0063608536527058604,-0.0011141030108796053,0.0014175685406803298,-0.0066140998208715591,0.031257099144043551,-0.013864113481922952,-0.031282898868518906,-0.095153810041428588,6.0246511274573269,10.453586332150769,-2.6271791979322892,0.43324332305249624,-0.00056537556258690936,-0.034379684344871153
2023-12-21,-0.0060397744002263984,-0.010195512425621571,0.0096699765659318676,0.0097734524651552704,0.020581765791562914,-0.0035882683013834329,-0.053613464975856749,0.02107151372720889,-11.046542878228616,-2.7755190730129966,-12.507214849903574,5.1849298583150754,0.0013046175637037331,-0.025016829614209292
2023-12-22,0.0025801577292159641,-0.011594551782718661,-0.0027869174153910508,0.011605811350733129,0.06159058223851431,0.033515103775406153,-0.020332662362571637,-0.028067152636006915,5.8592673296531528,-6.6439889864668222,9.1878418337471928,9.4924529737134495,0.0030468600416924552,0.16790606073906272
2023-12-25,-0.011187840182637084,0.010184897071903058,0.0020233971496075162,-0.028067134503389112,-0.056612333892905799,0.01120005982858609,-0.013708512889062593,-0.10400852971178622,0.82010245367554135,11.99139025306042,8.0004314904593841,0.8905954146287951,-0.0021324000508002555,-0.085604371585295158
2023-12-26,-0.0023288160115920655,0.0031741342446510146,-0.0088552013276445019,0.0038183901830505466,-0.010023337378470994,-0.0228860644993879,-0.078988165648743891,0.11457512957322413,-7.2175806386183146,-1.9997236060119434,-11.764031068612834,-4.3499408347868354,0.0042981244091243988,-0.011782874057108074
2023-12-27,0.016948842650122697,-0.0064191472433456267,-0.021469041010425786,-0.010178893713148925,0.15107719753617163,0.0082009318236549913,0.019282647807387036,-0.072784422199487178,-7.1690258459795224,-10.193019577804728,-7.2663968842081754,-3.3766354993973811,-0.0084600122643785167,-0.0087304076520780052
2023-12-28,-0.0072604160390775134,0.0021584467155294578,0.012064785754282541,-0.00075825530899765548,0.08211008165873343,-0.023011176329459187,-0.029264183828361125,0.24256942347966659,9.4305015298969064,-10.209144359072154,-0.10784983466927019,-7.0296785340658321,-0.0086889017624320747,-0.11046909476677959
2023-12-29,-0.0020774586938900491,-0.012672420209994846,0.008702746970240623,0.0063665924577889386,-0.01455911327906489,0.13167347366042714,-0.039104948590822086,-0.071623497796643051,-7.4479526235555946,0.11203988829775779,-2.6451382858794448,-0.87736298570273885,0.00075360744936739236,-0.010277241619014789
2024-01-01,0.000128724895295072,0.0045371852384552156,-0.026459497385572638,0.0040095194810564521,-0.17715050819184922,-0.065955516108668233,-0.016615440872156006,-0.049099753360486817,1.2037180498808002,-6.2216973258042456,-4.3248788607901485,8.6736246724403685,0.01213647713726264,-0.014534274413418164
2024-01-02,0.010600107747342083,0.010805217405554911,0.020229733035071615,0.0059379304918511563,0.017718349438854916,-0.06921402249538354,0.10313404007836745,-0.15048873588430633,-3.1017469574305681,2.3822026035258315,5.7602604681997489,6.804539707853662,-0.006131440656002041,0.060807428977185371
2024-01-03,-0.016992649200146044,0.0018956276068458739,0.026808751233596058,-0.0015616880592455413,0.0068749839085148149,-0.045960168532815981,-0.074313414221256188,-0.02569055070850583,-3.7162722998431388,3.1871827318821881,-5.6663306838022667,4.4863627553640866,0.011185519833957802,0.13333213156293819
2024-01-04,0.026297283216626745,-0.0084114469460351664,-0.0039273707139490469,-0.025903876382628165,0.10294594542896687,0.074992550794626509,0.02498158810824903,-0.013023188512402391,-2.186183636419778,-4.8441377736851559,-5.7252561028153535,10.244965893049962,-0.0018768637971824673,-0.056466749965418644
2024-01-05,0.020592117831061175,0.026096612840360911,-0.001990586154451602,0.015605440334582398,-0.045491318814587213,-0.023898108998111147,-0.088292340062410712,0.0033910395790871465,-0.78847288090093504,5.3750149906254849,-5.3950706484046194,-3.7413327423956639,0.0061182736901894564,-0.0011968335119507303
2024-01-08,0.0092734747936656925,0.013024186794284701,-0.0028060932934725921,-0.0050319195733645062,-0.04107408934075512,-0.059517626352386124,0.13967846486231858,-0.09525944448146681,-2.1054241655694077,0.40306293325019421,-11.472240725029113,-0.67129496340844952,0.00043042086028993758,-0.052215741413795452
2024-01-09,-0.016465039107554934,0.018696729469118333,0.004063816755651547,-0.012926236520420277,-0.027281039172429581,0.083821173341355998,0.15849447665897753,0.079589271387778063,1.1653905369182527,1.1637538812302664,-7.1914337470293228,7.0718214326489788,0.00062061312617516396,0.034004969037880431
2024-01-10,0.018667997890444762,0.011783955473806586,-0.00094948733854277828,-0.0087595879191471084,-0.046433159030085464,0.10366408772383304,0.081371039198934902,-0.14833777734767858,7.7284685680839367,11.154141495144716,4.9805021570395089,-1.1836952273164714,-0.0048908249678004398,-0.040920597046064829
2024-01-11,0.0071319415654070616,0.0015144817348075618,-0.010278805352255947,0.0092392944661278745,-0.041963750092607464,-0.089154358536743694,0.0094637253201776371,-0.086529556528581894,-12.755723870896897,-0.86571730432195526,4.9800000938851783,5.7978764123568158,0.0078162523532216161,0.046888878273220441
2024-01-12,-0.0061653085045433537,0.018679863859161979,0.0017884531498161965,0.013248742811360683,-0.075514147787442476,0.0015555758242957376,0.024760861941935334,0.022470580815883091,-4.5668712947713139,-1.9453545954508686,2.043602560387185,-4.9053549761552961,-0.0018009222877862264,-0.16251499734057065
2024-01-15,-0.0066161841621553055,-0.0037956796458849871,-0.023000381295740398,-0.0021773983340781355,-0.031745880966338666,-0.096602462566427405,0.016203588594506355,-0.037034727022151707,-4.4838973360524506,-7.2953476657125487,5.7703871351917035,-18.511817023032716,0.0055340962483409837,-0.043030224035318358
2024-01-16,-0.015275014630866552,-0.0026932353533435558,-0.024042729992126213,0.0026838806952158263,-0.016199624986301998,-0.040074628152282854,-0.026719891955160224,0.037354576817922917,-2.8462493988553099,11.564504454248455,10.623395081298726,-2.8282745269113385,0.0021547685431491524,0.058136046632690813
2024-01-17,-0.007772686253521296,-0.012885873409678563,0.0055284119239828629,-0.012532245785894154,-0.024800442202450975,0.048145725168472792,-0.056569299622383953,0.055006132355549013,3.100502818347425,-1.1413124349851851,6.537536102079442,10.295016424660957,0.0038042924332384099,-0.031478523896517119
2024-01-18,0.0089989481126742168,-0.03033306654841238,-0.0063114188669730143,0.0025813082845455126,-0.060187215248830014,-0.044531032968792843,0.017458974953716351,0.015383381421240572,4.6940259227639523,2.5665414660579233,1.6656201647570985,-0.51777933635806062,-0.0096004952556815026,-0.022906247214448384
2024-01-19,0.01507671469042754,-0.004588084284164671,0.014202003651542602,0.024113687761309902,0.069156867296393407,0.0038010321205455811,-0.018435125286142721,-0.059371532630656206,-6.2322488626894446,-6.8524290089981745,-4.8403211482442661,-4.5514355325070115,-0.0013159464429473278,0.057344411269997862
2024-01-22,0.0037439743541176243,0.007917111754503367,0.0014191931515614422,-0.0045142859355192001,0.043805819418880836,0.069576242345713302,0.11639279020213085,-0.030580606210087985,12.783902419761025,11.41988064217086,10.701038022869369,-3.3316468764774099,0.0034382542205027016,-0.032765139834472469
2024-01-23,0.017753975247402104,0.0011652293166770861,0.0056470520932752786,0.0088598578255987132,0.04922532351549383,0.0059912169000325118,-0.054921767935997012,-0.083092009846280748,7.3995052985634207,1.2910911256573265,-6.592888377675469,-4.2941536359459693,0.0047840554484622003,0.045110593027370603
2024-01-24,-0.0143914546315489,-0.0094725941876531473,0.01749875293136454,0.0065996476582739121,-0.041546858438401661,-0.06389235496083033,-0.05403111892030571,0.073616417010987242,-8.8924322265006541,7.0185726194699019,-3.718350271122226,-7.485321458860871,-0.0063771764411962376,0.03227777181435279
2024-01-25,0.012638434568940926,-0.0037628970877229746,0.01373217666391597,-0.004484118118117217,-0.076590526671172138,0.07964674927568903,0.031858947650473084,-0.08066121220377645,5.4330418527436262,-4.3466451574669405,-1.480198771898765,-4.297100983038364,0.0083925765188443552,0.013903723449328265
2024-01-26,-0.01982284191253731,0.016377641242406055,0.01061415865361405,0.0060123844688259815,0.040029314420342389,0.040489317973163713,-0.07499085818941334,0.0008405841169784841,-3.9559644066544299,5.9187041735757093,-11.394167301647329,-4.812072137145913,-0.0079464424000591383,-0.054683679427014499
2024-01-29,-0.012265132237879712,0.00046479315152696656,0.018280125845762892,-0.026400967440940781,0.033759309096683267,-0.0059935594620719032,0.027144670591228971,-0.018035492560386942,-9.8285428307145484,-7.1001900805904103,5.4853808311600192,8.146708656561767,-0.0085889635600516108,0.059970801018542685
2024-01-30,0.0058646678842629377,0.0016759971198059935,-0.030314160193742952,-0.0069771510080790496,-0.13105104612950749,-0.0077119228428160578,0.017104037914992258,-0.034695218272853233,-1.7221597315561259,-2.2088418882829188,-0.56848301100873644,10.831735890969833,-0.00093676484829572173,0.078797870497551242
2024-01-31,-0.014502638154369045,0.0058677688373317168,-0.0042668036332049958,-0.011878280691236571,0.088263140024130549,-0.096421328871084025,0.016166742401348203,-0.0017488226538790441,3.9002587545665128,-5.1808725988478947,-16.276553917106988,-0.53173646053161061,-0.012910005116165477,0.057830795099581903
2024-02-01,-0.003703480997409385,0.0092909454186754503,-0.014519880049645996,-0.0032901871977175203,0.039820244815171359,0.057557026382694935,-0.077685659239068353,-0.097899921097366963,6.7992202924949314,-4.2761081692511578,-9.321323265261114,12.619194553804167,0.0036127736050108809,0.042316350252473711
2024-02-02,-0.015805186827995369,-0.0052538898313242823,0.010725929912887207,-0.011290594964235073,-0.094572494130265208,0.00095358159600308651,0.043734409569448768,0.080864499124284228,0.84344492758762613,-1.6959245158226934,0.45008763276840708,2.3426392563824989,0.0018870068680802829,0.0020294225559087512
2024-02-05,-0.014001687832894865,-0.0061682020803706696,0.00043479826772489934,-0.0073492434418006257,0.011271187245475336,-0.0045681390504457402,0.099497339914007457,-0.1342300220961648,-1.6511532367993762,-4.8535819641341673,-4.2105402253036566,-1.7722711378131248,0.0041629606300933189,-0.038541151268326482
2024-02-06,-0.0035377135355228197,0.0044673282352364679,-0.009119678989855667,-0.033089095818019998,-0.011913869211654656,-0.042234334007484928,0.12819136953425353,-0.16982945574377931,-0.36649804835130695,-5.3856927760616173,7.9487237310541889,11.87987362763312,-0.017335862324484655,-0.021350148308263425
2024-02-07,0.018537023227299432,0.016415702907695198,0.0089275985748415165,-0.018837195210009143,-0.097228732458655778,0.10138031653465929,-0.063998785373454131,0.094258530833265325,2.3238387340780711,1.6631577931411696,-4.3945281064005002,0.35641746337394165,0.0026082306419673734,0.012586573069167309
2024-02-08,-0.019230037243123142,0.016227038652125408,0.0031974095189126217,0.0084768865766557226,-0.0053956432125358868,0.073078230818463277,-0.044676129295112436,0.098413461236540822,5.6385858854449014,-0.29427752215331049,1.5961061325596053,-5.9468139187836879,-0.0058365317244173662,0.10791970590030511
2024-02-09,-0.016352752841146116,0.023973942867369459,0.01082380153325733,-0.0013595449502612957,-0.11691227958765306,0.014373581473350352,-0.038923334599664593,0.089186749246898595,0.060779832437198471,-1.5485458117500057,-9.2985813324397277,-2.6002700134360408,-0.0015948068798235164,0.044503032762957806
2024-02-12,-0.012203733400106331,0.0014559016435510342,0.0055726812839817534,0.012797588972443649,-0.058989299734421609,0.086264845598419654,-0.0037289364680861206,-0.085313506829878732,-6.7840386340048831,6.6795792157851555,-0.84158244865809007,-8.764049266052222,0.002785750274342187,0.081609364347788232
2024-02-13,-0.0018709248738864115,-0.0070928650472235249,-0.001032273883339136,-0.0061527137912990122,-0.10422091316964316,-0.056646699098780021,0.0077740174481068496,-0.018013277642113319,6.294742874981937,0.27063327030136342,-2.6613067833041599,-10.065014932949857,-0.016309930457966224,-0.0043312594873447588
2024-02-14,0.013384958622386945,0.012456632656984429,0.0071805403195020438,0.0035830466789988215,0.031399306752566879,-0.081609388194611249,-0.0024221701104308333,-0.0054287747514008078,8.917172108035464,11.752667360213641,5.5380114976163322,-6.2406588691555474,-0.0027534377642650836,0.0062854108821822421
2024-02-15,-0.020170496748796049,-0.00070667847245501334,-2.4377946849888033e-05,-0.0046626831679578394,-0.038347935727864754,0.11580565951523149,0.16795684780803879,0.0081609158474216636,-3.8938356225581368,-2.6699137281908438,-16.044076715456111,-4.919332826327226,-0.0020846373994329102,0.053609148612967984
2024-02-16,0.0074511509196016302,-0.0032507816210451831,-0.024850565427875428,0.00086546614651235657,-0.011857749349487559,-0.028148558729159473,-0.043162369704035912,-0.050871924570104234,-6.8556626877822229,-8.3585023449991631,1.7609285414820959,4.0344703354485585,0.0053736615035059835,-0.16043229215954968
2024-02-19,-0.010683617449607325,0.01163632657603241,-0.0017092140204100987,0.0085054578347441359,-0.057710020134982006,0.036590538607599365,0.16697099366017201,-0.071609168444659976,7.8265601325015846,-14.631485507052055,-0.90133504908279383,10.916354540649321,-0.008222372097414641,0.07428825463937927
2024-02-20,0.0019389852757244277,0.003727187675967459,-0.0057926896012775505,0.0183750347912695,-0.007657438807462418,-0.010055681499686312,-0.03364319380700103,0.050091936351786978,-15.127910888977906,-15.680476330438985,0.7993211978420236,-10.603944151545667,-0.0058182092863976178,-0.018006197483110494
2024-02-21,-0.0062103400136999812,0.011447627269069531,-0.014403309233287139,0.0068065112823472518,-0.026001100585380701,-0.042275085139363171,0.0043244918461454937,0.030937711277031703,-5.816359504627183,-3.0871710452848893,-1.5319120719844217,-11.84039924803329,0.012585674943464759,0.011845607366794908
2024-02-22,-0.014301457331833306,0.011665459084922522,0.016405872770321225,-0.00082640299458501662,-0.0024012893460360553,0.02291835356195299,0.14868359290746239,-0.0301960379277082,-1.7511235939352749,-4.4726897784770188,0.82021792843808095,-0.18159821318875649,-0.0010370740624750625,0.05501218326846475
2024-02-23,0.014292190967169957,-0.0089023338392079585,-0.0053989431733718011,-0.005893324285344192,-0.044215061655344369,0.01473713748739751,-0.055139659983496174,0.10677782709892175,7.1689615815347016,-11.180205249912733,-15.295180886159066,1.5125628831867943,-0.0076516680358504133,-0.11107326344124942
2024-02-26,0.00056176298959105791,0.0044773725745372124,-0.045837545949474041,0.034222900245648738,-0.008172005532282485,0.093762421104786414,0.020456698526659337,-0.034361195819339191,6.4093499252764063,-2.1111883513675145,7.7600886766552817,-0.25529458567649993,0.0061294481917599196,-0.070638646869045835
2024-02-27,0.00078093678300138831,0.0012668016808566746,-0.011054135459042063,0.020960531792665913,0.025350994128842463,-0.065891996219654511,0.12465724260948428,-0.0075301151843153889,4.0160756110255562,-8.5460499539757144,9.764879606825831,-6.7432828093588544,-0.0031082443141479087,0.034611309156690369
2024-02-28,-0.013295377356353803,0.01039418564651671,-0.0052510633899766294,-0.012030967462353844,-0.046674885478732407,-0.011452232157646217,-0.031948008768011377,0.12977764558741556,-15.150250667016941,-9.4827238007778938,-1.5723312638668969,2.0729297060799192,0.00031734819935436121,0.0024948561036924497
2024-02-29,0.0066952495033223217,-0.0079825502843836344,-0.025467754682184329,-0.0022603622990204262,0.022632555126330483,0.011364903721984851,0.023454595171854994,0.069061272297548382,13.291048338449233,3.630410157457669,-11.537844481032188,-0.10501770250033922,0.0013680034616608914,0.029688871222830465
2024-03-01,-0.007178361410189303,0.0059984665103016048,-0.018653169616352334,-0.003258538813947158,-0.022599369190277718,-0.13705271024003932,0.0012677161746001953,-0.097978544188945985,-0.53647204437430207,-7.5750614880144518,-1.7502612975388103,-15.149410556350343,0.00028823906527284537,0.040642617465994429
2024-03-04,0.021960622673627687,-0.0012167540028462948,-0.01298492587321968,-0.021886208335730132,-0.015202121898646106,0.00077272130236196183,-0.051624690491737339,-0.12226193393337746,-0.27878806277610063,3.4677761088690979,-1.0442533259977056,-0.5370872810064059,0.00029210176811528233,0.013677180795288258
2024-03-05,0.017632470827328321,0.021849790649086379,0.0089531760239499152,-0.0068304911109416319,-0.076876606483138279,-0.068485621606340627,-0.057644192064362956,0.0082032412773285403,-2.3543374674969719,4.7366793872378041,1.7392718951351231,1.4168607620066378,0.013421402919241045,-0.034807111121136131
2024-03-06,-0.010962216953363971,-0.0257675253499005,0.018120879329115807,-0.0042499054847925238,0.043400863446653816,-0.090474903488435274,-0.055645873903279457,-0.02126955106211301,-3.298765665537541,-0.41154158648909972,-12.300547667347923,11.909385223868085,0.0045190914393398946,-0.033029206126843048
2024-03-07,0.0072019380227941535,-0.022898446315625293,-0.0078804390960343605,0.032124102388665317,-0.078508202366892349,-0.029046949129068904,0.046808215014515764,0.025620474144367193,15.740547122824259,-3.0853475931216989,-1.9948717177688651,-9.0093490906093443,0.002996037990188132,-0.18177235594735752
2024-03-08,-0.039164779818554159,-0.0064312797261702167,0.0023544286355713377,0.032815491783903673,-0.027530667409990408,0.14038608477221048,0.027439089943950508,-0.097333840432138372,-0.10649813366994863,-2.9847020120387606,4.5880458880110373,5.3807362777793681,-0.0039991518700254443,0.084408039674069513
2024-03-11,-0.016297570804928944,0.014313141250824018,0.00086529171362243395,-0.0021998034396410091,0.054176296329419171,-0.072724812027156832,-0.1100164067964136,-0.11071970928914075,-0.81292193584342054,-2.1522621737098917,-1.422860484380045,-3.0913269337308567,0.0019667311659007465,0.018666381824675837
2024-03-12,-0.0065541233442741667,0.007023607507503719,-0.010496886514422271,-0.0033963098571118283,-0.052780090181310954,-0.03002627786383865,-0.046648522559138851,-0.096031267494438632,8.6915707330072252,4.4842522343622573,5.5832009543495129,-1.7894758421522798,0.0016532969778522521,-0.042136197342725126
2024-03-13,0.042847134734637242,-0.020585755689321184,-0.0011400722279877199,0.010081665696223147,0.092390708012832348,-0.013702185321114162,0.075516355092749191,-0.030745273892852736,1.4716471930380246,-2.7644584539810264,-3.4646910750511268,14.010121396834595,0.0052114566786382278,-0.11267103592896897
2024-03-14,-0.0017665055935906899,0.0046057824288059804,0.017570063506483422,-0.027745767570475924,0.087615004277671521,-0.040166871220173046,-0.039329812531325593,-0.086275343743066751,0.99246395782208119,-5.0983672231137476,8.5675276729486658,0.12109406156141773,0.0032714924544320297,0.051569229018929283
2024-03-15,0.0066987234546443146,0.02163130108899745,-0.00067210982945435812,-0.0074748196694532122,-0.052562997026781459,-0.024312748613495604,0.084265413146104459,0.032292506794836945,24.677438445812864,-3.2271978175630576,1.6220644123337644,-6.1794929097679336,0.0039257813499399457,-0.056664390158686011
2024-03-18,-0.004279968200658942,-0.00825110648734006,-0.030441239922312596,-0.010475259603371975,-0.019389454700041525,0.010822709393248205,-0.11803601430979653,-0.015089055050760483,8.5036760001245977,-4.5906543365074102,-8.161143291857142,-3.0662821284451316,0.0056003501431863252,-0.10152415615953619
2024-03-19,0.0085481166175601052,0.0041570303006301171,-0.014052648775850406,0.0011471165388739369,-0.032612372094737253,-0.010325848102320168,-0.060675992985235391,0.020446532122793595,17.403860137789771,-4.6378771996369892,-7.5017555104802778,-1.4392423101734388,0.0020200038469486157,-0.093824562929711836
2024-03-20,-0.018045817715473169,0.0099068204549250562,0.023399818120964339,0.011033484702285889,-0.033715851781255808,0.012864442295697035,0.045054158208084449,-0.018316261388524702,4.4036439149029851,-12.725307603599846,11.951821217173643,-0.99768645046924775,0.00095985800087848008,0.10105000498124736
2024-03-21,0.0097324623196719199,-0.0076899035211701406,-0.021777884151208078,0.026399759430064305,0.029031484422145069,0.069088565592219722,0.012340653031859277,-0.057560111771853523,-4.5251593673903754,1.9434100236886829,-13.366121123000417,10.69531020864164,-0.0017051528086370843,0.0251405569788417
2024-03-22,-0.016385915198327137,0.012330387943175434,0.010452844063718197,-0.0034692557823869223,0.05648414699452782,0.064481535438528109,-0.099516881203607549,-0.070481484767137226,-5.5425353209701038,-15.820566246790397,-8.2461785579108895,11.232196900520952,0.0032474568269080066,-0.052387730188818968
2024-03-25,-0.019992788054992359,-0.026156675166620898,0.028532155298976868,0.010374091585496051,0.01748714120853774,-0.058355858409141009,0.025884952458212599,-0.047332759905444353,7.7849989120735765,5.9862270938157431,3.4323775598935065,7.1040215477157087,-0.0075226441957979414,-0.019333251434482775
2024-03-26,-0.0015806692739801132,0.0021763804897274625,0.019906150750078077,0.0058704056800625327,0.0077558915162388165,-0.037551905058098106,-0.06557057659684859,-0.08077837917670512,-11.586893100955306,-2.637699450768844,1.1581402784712249,1.0919514123210141,-0.0015719790211347032,0.029257849619116035
2024-03-27,-0.010290251196164167,0.0062530586489647861,-0.0073318402324855977,-0.0070733026764902337,-0.04436830984514032,0.050492951569328988,-0.1086297606169236,-0.021062773891221964,-0.39266132771102868,0.65350918567436034,2.230594344563638,-2.8543550510018791,0.002350598009687527,-0.058995116643477771
2024-03-28,-0.012191439319780896,-0.0078438187080319965,0.013332004983429863,0.0077022105142587841,0.0023867439652841124,0.031645153450743937,0.022935916322444048,0.075866931644965246,-3.7759125447352617,-0.27954267251047871,0.77276217394649693,5.7962216038722927,0.0023365582194732983,-0.053258863135360955
2024-03-29,0.012318723950009186,0.022751770488745465,0.0056231363197271709,-0.014594148376845698,0.056318912058234138,0.0061216292964390226,0.015084806076401109,0.011380626405102571,-2.0558610518999001,0.77686998068424262,14.76346332609716,-2.1619520294618528,0.0091838933441946158,0.020940148928624808
2024-04-01,-0.00089775830525495165,-0.0010600664423661558,0.018211610769492646,0.021245424518515837,-0.087580323760478404,0.010883435119480291,-0.013083934627233625,-0.063647956315252593,-4.0682927485911922,2.1450994057053552,-5.3019117949878565,-19.473180488043649,0.002735286477853289,0.042347162016512077
2024-04-02,-0.0073375751572935174,-0.01418539991040885,-0.00044817557929077365,-0.004203860150539817,-0.0091729449285017396,0.046738434635524254,-0.0036041078771096679,0.06367393561588941,-4.0544969421027366,-1.9463925001149553,1.2317350211233813,-1.4404775884371366,0.0010992481482845233,-0.099470769636389469
2024-04-03,-0.021711910892483973,-0.0035379651856160968,-0.033280659569552201,-0.015099124990202752,-0.051977193764432598,-0.11124499903354233,-0.0064838645933358845,-0.00064695975885002168,-4.1960694481673251,-2.571066856839701,-3.0787653047791141,3.9121804047585593,-0.00099947751085944386,0.059925318198239229
2024-04-04,0.004438626393720833,0.0065053411256680103,0.022161690984563578,0.022872294829240799,0.1385530916590785,0.027647733088164202,0.028313980660888142,0.0092376569131536919,7.3284556885186198,14.001380370312276,-6.7878952782949327,-2.3247342619682985,-0.0038872039490176285,-0.038836822462208535
2024-04-05,0.020292973233635634,0.0012749296980740308,-0.00070859312227663346,0.012236146806108291,-0.11256167878215836,0.17491745090951211,0.061623901122466199,0.072920100028882801,-7.0180932878565043,0.15973863488130718,6.91127546888697,-2.5136484840753903,-0.0077447819305949206,-0.0021645227061733129
2024-04-08,0.022007132603910538,-0.0059630001335836324,0.0091851427995771513,-0.011879854760994089,0.020255563252976578,-0.00065474897090282117,-0.084082955800180048,0.076615982471460981,0.19831783595214586,2.2516575215337795,-1.2484072162622464,8.3127357992166626,0.00036621321852756919,-0.100980017480513
2024-04-09,0.0065604439717608246,0.0076123126563463778,0.011067088390580097,-0.01802271233910771,-0.062928586546664306,0.033347598083831212,-0.0031063072956379451,0.019218518632119905,-10.135463436083899,8.6977934357941731,-2.7216860003212688,-15.688336367664508,0.0031389807815898922,0.040506199993137107
2024-04-10,-0.00063303164470275238,0.0067311940182473067,0.00035732055389067676,-0.017604779366256571,0.017267332023957575,0.1116404577948357,-0.0049877812564748745,-0.036662487738307978,1.1471396427133882,-13.49986606799667,-7.7891246819905859,12.283392178435234,-0.0048739097730674981,0.0083264136966624339
2024-04-11,-0.0012221066543885667,0.02316121396438689,0.0091103971954819892,-0.013313951419820091,0.029377631775040335,0.010938405084023186,0.013563558697976458,-0.12034772149689256,0.31937331850455863,-4.2456334525787138,3.5487650940068209,4.6760034145233638,0.00023352297362510364,0.0233457028503141
2024-04-12,-0.02894401468095165,-0.021223168743837364,-0.016730085915057889,-0.00048418355496447239,0.039944252254053347,0.040108212548894476,-0.036158456025931998,0.06291619721406555,1.1431536408722027,13.358951070513172,-12.021589795458151,-1.8446222541660378,0.009340621534955032,0.085402291499416194
2024-04-15,0.0075132871893215346,0.0021403551984849221,0.0045103487545821996,-0.026479907906484575,-0.08880745110256881,-0.03906417682487854,-0.11875954566781588,0.011185177980947902,-2.8903631064785706,8.7464503204253461,-2.5369134751101146,3.6781118551524532,-0.0064607653576679381,-0.056634553534713902
2024-04-16,-0.008048444616120403,0.00046329372724479177,0.011698928489587677,-0.0015655525212339412,0.17823455634827831,0.041314602662479251,0.12175208064825256,-0.03808871146969664,-5.1320318598479977,5.2456846266666775,-11.121035798787396,3.3183920463383481,-0.0068131185185075988,-0.15179979650230743
2024-04-17,0.0014808793671567987,0.03813303714835406,0.010052087628106552,0.0048581571740122466,0.042131945474227162,-0.1033747695408805,-0.043268337960861436,0.034377698565806372,-3.9562524523896641,3.7810737000216874,7.2720371205388981,2.7482432280244042,0.0071340510550642186,0.10770979186106873
2024-04-18,0.0055310798206093517,-0.015356834863509377,-0.003749500818762927,0.010210566244278671,0.043649972329169451,0.034993485944093655,-0.03585200026261659,0.053694625489599732,0.044494395636211631,-0.52042551743711751,0.51204017576534366,7.452261997740008,0.0034827523253488468,-0.086012212151187775
2024-04-19,0.003835073902413172,0.015787078037757574,0.0043479889396623537,-0.00043354337766762698,-0.063982690701422054,-0.089085839625477642,0.23583125146648953,-0.016202233544418628,2.8539563653176856,6.9325322948650561,4.1757799073393826,-1.1244045325608358,0.0010089794346380657,0.0044391054071139611
2024-04-22,0.0031572502716438848,0.0030692922112298209,0.00040488581869513925,-0.027091491775484526,0.068246427587122571,-0.011734279584381592,0.090421379741589689,-0.18613022344197439,3.6538554937453487,-7.7222130968807523,13.77928674755092,2.9164095142348412,0.0024733065599039147,0.0067891072368029513
2024-04-23,-0.0046415257513445878,-0.017569789771197122,-0.002912361131264701,-0.0088146130161208015,-0.073610589052742412,-0.03934510040127167,0.0027775682701407225,0.031323584454323754,3.4575001038243278,3.6426282781501822,6.7952155575582784,-0.69851733615782374,-0.0029480560400330291,-0.0042167052216706665
2024-04-24,-0.014447683633281042,0.04930833434126896,-0.016843124854421208,0.0052241704278435672,-0.060570018614076244,0.042155280713846888,0.048081940140087216,-0.14874414094196453,0.97445469619732727,-6.2389011441732993,4.299062410137017,3.6500038197272087,-0.0069336851585219128,0.027421001492901081
2024-04-25,0.0014525072700056008,-0.022785383640116005,0.00048906959093622906,-0.0061431039779976998,-0.060174761592240236,-0.046621522753647643,0.085246284328964125,0.024840698068833843,-7.5964841263573222,-2.8279630986902458,-9.9464688723423187,8.8420435408293869,0.0022812319689360593,-0.054938633140618316
2024-04-26,-0.021862536950940661,0.0045644021528359101,-0.011643873318424805,0.012310865502373572,0.082300949287800296,-0.020942648707894546,-0.014817031946412023,0.11928732188335052,1.2448842141867753,-1.6639687486961405,-10.724852616652443,-0.65543461671098779,-0.0025730039643077369,0.093013519037918463
2024-04-29,-0.00089599209517690376,-0.013861081542530459,-0.023321270575237928,-0.016517145612451843,-0.038822821906742057,-0.025843179532152736,0.092566668191497545,-0.11557359351152395,-8.2650295624320282,-7.4016682467308019,5.518651324487406,5.9929893234420994,-0.0031316760100719588,-0.044716658409847281
2024-04-30,-0.011185493840920381,-0.022456248566799474,-0.0076753549801882983,0.01522563706446804,-0.0043893525354669139,0.025985540482218593,0.072410593840732437,-0.15138526815820563,1.6725691710977615,-5.7880372875812052,7.9176227744650216,5.14224509649355,0.010494225624237118,0.052293380411106885
2024-05-01,0.022418972924288075,-0.0023330127050022174,-0.0025808476310515784,-0.0016566071108638084,-0.05244365886917058,-0.084760017376948299,-0.026536014535809831,-0.040256722775508694,-10.236254612817003,-2.981236006812324,6.7513683909949496,3.9672940250993314,0.0037615569135034089,-0.11006542787316055
2024-05-02,-0.022782233441106449,0.0019526697020638753,0.00087331068356536411,-0.0084567630149122441,-0.12388052876986202,-0.075490821130775071,0.035458801645687987,-0.074377076076284757,-2.3425241281875171,10.318328700780723,-10.787019106307287,13.881939677233486,0.011067864053221167,0.011098770014125873
2024-05-03,0.0027383828499444817,-0.0034353117506929743,0.017801824398719954,-0.015118728482455599,-0.089907538756262548,-0.065249949466572241,-0.034005080985406985,-0.066908863430832619,3.917428238573827,4.4813321940584778,-4.1471140829807647,6.6435458946204324,0.0011352619909071081,0.028551750945664457
2024-05-06,-0.026812797468778023,0.0078866462304531867,0.012039180210326858,-0.013364089187032158,0.10984493911327799,-0.085690470299575994,-0.063835308300493082,-0.022968737317106209,-10.698065561892346,3.7369532151476261,-6.1348119381423327,5.867331356156499,-0.0021109396135705928,0.059758058445205396
2024-05-07,0.0054970997183013777,0.035532424555835648,0.0092125024628832378,0.01859013268883325,-0.023854545955666596,-0.022801115967149042,0.058528909191945408,-0.066133287887466738,6.4915020848838445,-10.179060896608028,5.3723181110208378,-1.3078021151507326,-0.00067070311960565592,0.024609332499931514
2024-05-08,-0.011498008779767742,-0.0071411884356211803,0.031670608222141218,0.021333020848425178,0.041482700257033926,0.012286165842039889,0.077191614352489779,0.16212041390991855,11.274818086393164,-5.3331194566324189,5.7607610724748906,-4.2290320557248879,0.0046154052421921209,0.034215450320527557
2024-05-09,0.0046527390437737862,-0.016903411659200701,0.0050596367891297331,0.00090502431882444583,0.003041036314488195,-0.081983039953890863,-0.042673842182854159,0.033407376112607516,-3.9250607238425643,-3.2476929615895638,2.2650225937781472,-3.2240383822407246,-0.0063502504531118059,0.036126070185695427
2024-05-10,0.02238653092014185,-0.0021707277147485137,0.0080803274579404356,0.00034471458489808735,-0.065762821295040574,-0.11207504048996146,-0.14805067303021269,0.065159172231062198,-0.65840422310363,-3.1750853706327873,4.4614275037728728,-12.847382172786492,0.0039043256556872824,-0.051425404366838276
2024-05-13,0.0036040413781850155,-0.010971519014658175,0.0080750972738897735,0.0057453018819580755,0.082329655369541788,0.055271231940254253,-0.069798109577034334,0.13641255859022541,-9.7177916855038351,9.2708215916414254,15.326222691413566,3.5252102044897402,0.0029559831486486209,0.094456725303180833
2024-05-14,-0.0082509049295342151,0.016362722124095667,-0.0058519589899344729,-0.010627363870692033,0.032727707859197624,-0.063272638496198449,0.028140509842995369,-0.008402973487523788,-4.2207874655626068,0.19033128804171029,-1.2920385627055342,3.8252406014790483,-0.0060288160713076839,-0.038556706865178543
2024-05-15,0.01922919721835081,0.0070700247277637879,-0.00686290207024076,-0.013026832657133655,-0.0079900173653015983,0.056562036593737791,0.0070053446356159394,-0.081255763763667666,1.1470873392375951,2.9853424909311457,-3.8760274421097889,7.0155691474348165,-0.00098334636903350532,0.081072466128257165
2024-05-16,-0.0037451839877641522,0.021035119321113526,-0.0043813679943356942,0.0076303933069512535,-0.12065273348447854,0.008246333775463844,0.067202932340391153,0.030494954746057845,2.6416657591656723,1.98208231634923,11.04314824021656,-7.2331643543124287,-0.0075207816975813814,-0.11590682554609791
2024-05-17,0.019368336163595051,0.005205456952599297,-0.007942601120941948,-0.015719829697402824,-0.052706837238589911,-0.0082970420644332375,-0.044666871577110384,0.088222330267940505,2.8958197001959651,11.025511349106296,-7.1477749313070698,10.942611360506376,-0.0049260818821209185,-0.027846299523794003
2024-05-20,0.01279666728287062,0.0035859753353645672,-0.0062102964764936099,-0.011091423886400815,0.061996424505020284,-0.034546567750332005,0.053745985455929478,-0.052096949349322103,3.1280787682578666,-12.164978705295002,0.023827396191016884,5.1203272942720881,0.013524122520222732,-0.11228103416454421
2024-05-21,-0.0038830785706223362,0.026472206713732085,0.011466225058880276,-0.0011081457417514554,-0.026549464066138413,-0.15923088655985801,0.12213048157962714,-0.02529517913832173,-0.66029922519826134,13.11427278010482,-12.698965518007558,2.1242949395810107,0.0074336887646114271,-0.16050423733749941
2024-05-22,0.0023598194145317891,-0.032380722966114543,-0.0039777790008694667,0.0069283309687972134,0.012805333314609797,-0.05083755821873643,0.058380400186828905,-0.033440943700604721,3.8398561549416459,3.7976211256394223,-3.3254398835283698,8.8279387917761412,-0.0077657940474965886,0.03657639385115375
2024-05-23,-0.012826749994132981,0.016264613764058924,0.0069918040647565377,0.01376740534424099,0.010321425305977166,-0.012668576534630127,0.032067563372471526,0.10461441153619108,2.5065326393541509,-8.6095450852077704,-0.040680295690456406,8.0815307510029548,0.003697631554094027,0.049866341410043119
2024-05-24,-0.02189964514352867,-0.0091327262003585551,0.012913253303851638,-0.018509704537425248,0.0065797585190499252,0.049446803166815531,0.065607127385121825,0.049112936715007084,7.1251176370924041,4.2492550550262944,-4.0365137446116961,0.77982252342450753,-0.0071241227032276351,0.096276213548516551
2024-05-27,-0.015779125914028549,0.017358218406045206,0.0034012564396236661,-0.00074827652681088005,0.028553559516422671,0.0054553032911092512,0.21877028815383409,-0.0021586906281247237,-2.2037748157528765,4.7361480935291791,-5.6167929118688429,4.4689413828199065,0.0024417746242748183,0.014465071436912185
2024-05-28,0.011763381198833089,-0.0052138888897559328,0.013530978020471094,-0.013429451893830954,0.028653536233897523,-0.04630715319624578,0.05495026385651678,0.024983334797669357,-9.7770898492715119,-1.8125162545992719,5.1714506493450196,-2.0210114032351374,-0.0013702381170696267,-0.071137686852949938
2024-05-29,-0.021662724399864948,-0.01071517139550918,-0.019472156980671687,0.0034046808807451727,0.078951524934134917,-0.018371786430127678,0.040101454299559247,-0.035464457881866224,-6.226135435957044,-3.386290076058927,4.5487524003853981,1.411061072838796,0.0024131046721748142,-0.033555716878162625
2024-05-30,0.011514166740370485,0.0010772290589994779,-0.027200361485968029,0.015980754501751467,0.017774665189044501,-0.037104439596168937,0.011067078832730511,-0.03573127108005833,5.3237346167332715,9.4597882749514266,11.194429086464691,3.6082668955162784,0.01616572260316804,0.074800249799052962
2024-05-31,0.00024614122783448735,-0.0046020345050174303,-0.0071407537424317234,-0.00013012092114239737,-0.043074598563446066,0.054760088321688154,0.091681503107150064,0.041866415082933719,-15.161878120632213,5.3307157118669881,8.9859151717591956,1.9591941968785815,-0.0028727530162936318,-0.19977000337986039
2024-06-03,0.015808248987126416,-0.0098325207334454302,-0.00074068519779378541,-0.011152980985156718,0.046914572738232629,-0.080140038230370914,-0.025105578327502324,0.074214175180952385,11.819745569518922,4.2100085405525807,13.968020309409811,-0.49495045302818091,0.0046038752859470407,0.0315813571704767
2024-06-04,0.011305089934292811,-0.011771539204978036,-0.034975020441223414,0.013845715847495707,-0.055593315884471764,-0.012363816108708486,-0.070381794842575951,0.012400206198310686,20.299057300174894,5.0866479683709374,-11.119564670433954,8.4144436266950411,-0.0046031313257587055,0.063622417679344456
2024-06-05,-0.021342729082982421,0.0057763095237037751,0.015603034135678952,0.030773015733281648,0.058973532623941553,0.019116777082363277,-0.028868191764652561,0.074300870564697141,-1.2021900492022721,-7.105821319221997,2.3782641964321463,9.8205518173244659,0.003727716595974314,-0.023752810529201068
2024-06-06,0.00099897396406730776,-0.002493329261095223,-0.00581378221799365,-0.0066258642535336303,0.086075461584998791,0.02076541045025292,0.049539038905252346,0.0062627274371812027,16.320805867310266,-9.3275657996750603,-17.994094095745158,-9.1290598894002954,-0.012347651077864513,-0.04621833966513357
2024-06-07,-0.0039897750070957668,-0.020642078771138165,0.011152680780850049,-0.00043820610869390773,0.0087882634063987334,0.06104061294659336,0.0034539777369972011,0.032719557383123613,-1.4262899014732517,-4.5661861106687098,-2.4545396146315568,0.8030409835099428,-0.0024542003553451128,0.016606696844287557
2024-06-10,-0.014427684070246182,-0.016083869038239482,0.0011266730154211601,-0.020062955473921201,0.038185609717774724,-0.054531417263574126,0.053026001682230234,0.019212889155189889,-4.3834068290681145,6.1323079449116618,0.48631937542971432,10.941145449139071,-0.0030891501806561213,0.13426899368604281
2024-06-11,0.0038538532992287008,0.0064220878695112867,-0.0063190802466581448,-0.010673362674982922,-0.10510913010997014,-0.018152428420585842,-0.042294023730383427,-0.071331595327587663,3.7990675257940434,-11.858696076009888,2.9578178649875322,6.7650102960265253,-0.0078825699661454231,-0.078059801124838429
2024-06-12,0.0076209128470044879,0.005381285490179178,-0.010246403392821813,-0.0059664762994959247,-0.0034426507594883353,-0.015801635303625688,0.1104748602318216,-0.020097797794218945,-9.7024739297945111,1.3490871318624711,2.2544918669131238,-4.4768316169499016,-0.011608528930607579,-0.067224455623450891
2024-06-13,-0.012484468439199054,-0.0035192910230258763,-0.0010906523431247833,0.0057794724333777242,-0.010331468625570875,-0.013828955519156002,0.14231579412978976,0.07815183033546029,-25.861411666683427,-12.473559876824472,1.4479940620878233,-1.4773394918657154,9.1493327603655947e-06,-0.095033212866747624
2024-06-14,0.0081348332500618941,0.0239492320832656,0.014962473888477214,0.017158778968361457,0.023444255393823513,-0.11058726051577628,-0.05929583321813843,-0.0025571883235770416,-10.869459469680123,2.4303200167635777,6.9664978988408368,-7.0933814146861369,0.0012200411307678233,0.054132664811972153
2024-06-17,0.011368742180536188,-0.01070389782450271,-0.006701241752824957,0.011590994089334821,-0.045296196771268581,0.10975916036456024,-0.013744237225844291,0.0523669472842535,1.3922476134125119,-9.8408990647417411,4.8114776131394716,-3.3864017149812975,0.010561285725060536,-0.0092364305171197467
2024-06-18,0.012428823967713481,-0.00063759168465594973,0.003722039928104221,-0.009836661867065593,-0.13223064628396769,0.058616855145654012,-0.047573294379065635,-0.05872814447726718,5.8594265640183973,7.6101544827082392,-2.8025124858624331,-6.2917933721686428,0.012243127411680248,-0.04965895009482485
2024-06-19,-0.00087893106498656995,-0.011085222086796182,0.02156728278540335,0.015361848345038266,-0.13944651184141024,0.017802583544315916,0.062845480788609812,0.091714769281666914,2.013923294012788,5.2317114901225343,1.0768090089016571,-1.767871645256299,0.0036071635116457605,-0.11986031264994619
2024-06-20,0.0065915321215282707,-0.0015799660971214395,0.0047982918350990382,-0.0090141058199709762,0.022697649152246705,0.013001308771434756,-0.021259438904448365,-0.0038567653480750283,2.5630917131204827,4.2490208257879365,-4.4864343006543281,-4.8979859888581085,-0.0053549890686430401,0.041365778205906471
2024-06-21,-0.0061101542060404005,0.012843425616416155,-0.0076903624958296604,-0.012954349088937585,0.020250132718306162,-0.10358401038344982,-0.05692125533247943,0.089590464155825333,7.1084397290825034,-7.6587655542905884,2.5476114872195676,-4.2783016519388024,0.0078943557960334341,-0.062772846470485325
2024-06-24,-0.0046951816054953879,0.027347355925938711,-0.017505790949304125,0.0048413331824682954,-0.1286855673112367,0.036607163469225434,0.091864927441969849,-0.034663216266402626,5.7818706851883981,-0.66711410379574898,7.8890098426574955,-6.2574754383517837,-0.001245900554857339,-0.014164356283124966
2024-06-25,-0.0098370022305648529,4.604477195763274e-05,0.0095474299354830813,0.0063919519122455828,-0.011072039360332452,0.091515189605619204,-0.043673449033134699,0.13823341060745978,-11.456799128144707,3.5817827754636959,6.2473528708303254,-8.2799721135631099,0.0050070994339717883,0.07892820286195526
2024-06-26,0.0004709960159555419,0.0033365525830430305,0.015230921586306997,-0.0066096751175300731,-0.048583392214109469,0.13118578158458652,-0.094509926725238211,0.034049431574862996,0.4329694958903576,-1.8780026934149532,2.3916305004300944,-5.6175761899757957,0.0061739994891063269,-0.18544832289961394
2024-06-27,-0.026190709239074943,-0.014109867084584549,-0.006554184956136147,0.015654365788788926,0.056087673175646766,0.02565408096405675,0.011871420150606393,0.096902086299441734,8.8092323311543428,-4.9014966734225665,-17.908044179992821,2.0971168054880627,-0.00082649111110247504,-0.025338237567564877
2024-06-28,-0.007554249152701792,0.018847632171095096,-0.0055356557426834031,-0.035148368450750825,0.20603360411623833,-0.07200029115091984,0.11358414916464765,-0.077292364102388461,6.9522550415645057,-1.3225297759038763,-7.3893447609433185,-4.959856842237043,0.0040199774419234753,-0.073618012557729359
2024-07-01,-0.017312384165262346,-0.0080241442250639072,0.017889419458443984,0.0018791092267420101,-0.00048768482490563246,0.0086129142919028588,-0.067511675264372961,-0.045639272743664729,0.25438430593159778,11.58358540779887,6.3312766509782756,11.035896807559052,0.0026409682806723717,-0.060344981974327548
2024-07-02,0.0095951350084407909,0.018484690986618903,-0.014317206875321307,-0.0009001961797672765,-0.001030670747543987,0.036324634022198578,-0.001821333704705475,-0.07868344830922322,-3.1738606279989079,-4.4679997603715531,3.5960671186133455,5.313456591948607,-0.0044457012826182966,-0.059785035168626266
2024-07-03,-0.015205060626522948,0.019684574199803857,-0.00071276167455585693,0.0069267511383610085,0.049131788915156557,-0.050763148157817559,0.053907178308073837,-0.059028427647863493,11.246855531453338,7.1918953982959861,-10.650200312854114,-0.42782031541349586,-0.0012903881940957125,-0.0256010942614926
2024-07-04,0.016734397045305251,0.0078688835179810072,0.016604399324230593,-0.013605034576746701,0.04017512790131042,0.078995605777441094,-0.011641292163524929,-0.05550884966280005,3.1826216847059117,-7.2690634986264193,-1.3261037883410993,-2.9055038246150233,0.0048904483940062004,0.065517322983884616
2024-07-05,-0.0010339469723219916,0.0013047872580678054,0.0084901885753488129,0.02288432620035559,-0.073681862688552993,0.014177438719596286,0.010453960437499047,-0.2039333046065305,4.5784610927657727,6.5416148958036962,-1.5459242200490024,-12.47801799647015,-0.011492317048145394,0.089337964658169677
2024-07-08,-0.0061642357653658312,0.031932627823627234,-0.000965092159573446,-0.020565089571059111,0.020988875006622235,-0.0030584818700071237,-0.012234734722889221,-0.075611344147934703,8.9767879122470511,2.0979040279090255,1.8123553843617934,1.2009023312721228,0.00091720362815393317,0.046506195638261937
2024-07-09,0.00050752304207313346,-0.0062120537317543658,0.0032652773560360735,0.017380999637279713,0.017514999168681378,0.033607444440143443,0.029331757581081728,-0.065044738362195556,-6.2623286601996568,-1.6481358720600501,-4.5873455335095441,0.90385237030090138,-0.0060557057185867107,0.11921463943543821
2024-07-10,0.01408904412785817,-0.0114892106923724,-0.012886773775109588,0.0066066905456251537,0.10160404262396781,-0.11835693962718147,0.048072977002950087,0.043491951178586896,3.1482667851100081,-0.56975923193155797,4.8924575596162603,-4.1520823722423259,-0.00045239839062591108,0.10625299457084901
2024-07-11,-0.0091716526991933063,0.00092278708134281345,-0.01089138966485881,0.0029573757479798655,0.077408585492791865,-0.11339476931437087,-0.015144190857108934,-0.017159760690241284,15.467452029190337,-8.3611861021132334,-6.9655252773245513,6.6341616990090309,-0.0029606486818208708,0.063573756941636236
2024-07-12,-0.0078965124730827532,0.013171538111642957,-0.0093367924062642306,-0.0063923010756778481,0.066120970665046769,-0.0091636804497453352,-0.044727102324015527,0.045002806657711905,-0.10994258510132403,6.8479366523068439,-4.0646023705419339,4.2417047931052085,-0.0089022452803530251,-0.055000856345311037
2024-07-15,0.038168602433897317,0.0054893311378123259,-0.010457155429613056,-0.011116577520207657,-0.029142414144903248,-0.059514909345807741,-0.086095310516581786,-0.083393149292015037,-5.0812697621796392,-0.9256473477888788,2.6667197191240541,6.3575206954313339,-0.0022193166948115441,0.0075989844552566983
2024-07-16,0.0076274578617850025,-0.024137202180545943,-0.0084836990664354274,-0.032347697630617706,0.080192478494877859,-0.0069719423954717214,-0.0051441642541755024,-0.15991999231236015,2.7581886737336268,0.47183253429158661,-5.7459258720581206,13.300018711998824,0.0063122068704052174,0.038345099710753776
2024-07-17,0.0061663608901482148,-0.029033337328607401,-0.023595047379943421,0.013404740989576329,0.025633177351716011,0.002017534401098389,0.0085545078626441014,0.0011012034519930802,1.9430142530335028,5.6195048510849954,0.38359790839289576,3.0860236400598984,-0.002186749585818605,0.021701076691539527
2024-07-18,0.00049079289954574333,0.00051051491558830472,0.0074221858471609989,0.013121141168563954,0.060465003840941868,0.11115940216649753,0.082574485792007629,-0.080131597884138595,10.823894744834003,1.9238495394004791,19.860428773033,-13.303818549003198,-0.004977020241571724,-0.020267667261408641
2024-07-19,0.033427172503943677,0.033327543758575821,0.015168405081826609,0.010075950734726237,0.0045048157111255618,-0.034789774808673304,-0.036695555502876467,0.057575038964820247,2.6043691249012371,19.35829034854045,-8.6434654115084655,-6.6318741422663043,-0.010263232902243118,0.067929383354212378
2024-07-22,0.0038558927799498522,0.018132263674058752,0.0034289664533746853,-0.017825488798578298,-0.090375857219421707,-0.062253490825933705,-0.0092337414160687751,-0.12231221564047448,9.7392060524784441,14.771677236789145,5.0794838753662468,3.4523945157841496,0.0078533323848051298,0.13164865174906384
2024-07-23,-0.0093452599952356438,0.0010254945100410307,0.0013261305519063761,0.038824439952098194,-0.14489814193922923,0.016703603612029713,-0.13028607720766475,0.022781785758040407,0.99439714690353409,1.0198778758463045,13.970052904024485,-6.3112651729533429,0.0022293110928414818,0.1452413875287959
2024-07-24,-0.018501703153613828,-0.010012963708619017,-0.0051733384732147135,-0.0021922087071837471,0.053413152687668421,0.081714887734528355,0.068268299546214051,0.076562838924501053,1.4819699988085433,-10.846170040344846,0.30094591270937926,-2.5562692211666107,-0.012441685324305772,0.060649808414566964
2024-07-25,-0.0085632292422468861,-0.010396141959005383,-0.013428268905463203,0.014842134252773866,-0.093198146321813294,0.019990763636827429,0.017418443758805635,0.031180227808639136,12.126917560769678,16.151783692797238,-5.9343963396558044,-2.3246837023532945,-0.011823645604184601,0.039014792860913979
2024-07-26,-0.0044973465951198433,-0.012462785466199335,-0.0030891807496349491,-0.016859527763449119,0.016766929853793775,-0.044393393499724265,0.023457782031209528,-0.0087409033636107799,4.6302617879340797,6.6580606309029688,-7.1362620970343418,5.6832131935855896,-0.0010688896318950553,0.0021986812860157016
2024-07-29,-0.02073197256050124,-0.018672889271843365,-0.0069513434068633516,0.023607335967980786,0.14213061713122771,0.050796627385793498,-0.012204594452369185,-0.10794707650358151,2.1211435352333199,-1.7583072755185434,0.77811842225351702,0.61004999718052988,0.0015115231317186886,0.046077073498861428
2024-07-30,-0.015414418640152371,0.021234831240914308,-0.00088726853134218941,0.0013390886223932086,-0.089831444096676205,-0.010192942528607418,-0.044964413821368329,0.035436558186432571,3.3405715239365703,1.3048578162744535,-18.695178040919529,1.5231028247841807,0.0062636473717414863,-0.074131501544964604
2024-07-31,0.0013351305143367896,0.0039293495521072405,0.0049722968486985136,-0.010027292570115849,0.08944136148338537,0.023391164878054121,0.014487879231524586,0.0072889432154201938,4.5855574636429814,-9.5297024360604592,0.10404583220327152,-1.2377732375692045,0.0029979561032463585,-0.064863830504692105
2024-08-01,-0.0061524488146191226,0.020300773511323561,0.012823083856710299,0.0033833882238722027,-0.036170687365560852,-0.049290154139126373,0.027788144459222782,-0.067936877235922788,0.8538734966474526,7.387797960005476,-2.5924786026621254,6.6976931303540006,-0.0035738572018027292,-0.064852852767702376
2024-08-02,0.018098746359955196,-0.023788902647497338,0.0021545019402731229,0.0009443501836950796,-0.03351324707761804,0.093635751808170645,0.061877915154354375,-0.015667184935704948,5.6137569994557239,1.1601973938950894,-9.9706311141518889,-3.0808375976544489,0.0017144756691364691,0.04832351796048958
2024-08-05,-0.012605466382412025,0.0096544437440932683,-0.003900017829012115,-0.013497873083633776,0.076402402987887544,-0.078625209276854166,-0.061691027174357906,0.021193563160928738,-1.8487383965550466,2.3385896702354625,-5.3939812646830561,-1.0532596641010166,-0.0023136616264230561,-0.042865974183086006
2024-08-06,-0.00013609964577336904,1.096491519331287e-05,-0.00026336200905748388,-0.0032363082570777764,0.13859698974306747,0.067410607850329943,-0.025295969432673097,-0.065783213638022045,-2.7266857345552493,3.601190344631418,3.7898905921096278,1.7506123031139735,0.0043545879879324069,0.035229904371544003
2024-08-07,-0.0036314148365684746,-0.012427320590569418,-0.017732382133044001,-0.015059338312120292,0.15612009146207836,-0.13003288404765623,0.005233131567470373,0.011037797029475511,-6.2980865817108853,-4.074073460076038,0.73938789297573015,5.5305114967062634,0.0086987364461580691,0.045165388983487743
2024-08-08,-0.0012593431983635762,0.0029275805668563921,-0.015473961632284114,0.0080947247283298523,0.11492166883542805,-0.082684430130174846,-0.15215647525308007,0.0088553742905339294,-1.1953891433733637,-0.21870971304639539,-2.6615117421040386,-1.8753507927458481,-0.0042662637858790348,0.0054622233502833557
2024-08-09,-0.016663304443639934,0.013897898236012457,-0.019795334909717941,-0.02433351032205075,-0.0879347851288107,-0.016382303005118039,-0.10767074603378049,0.019325884771257313,6.7834385132082229,7.703289132273655,10.428926168552628,-3.9745757645515711,-0.0039739648524447103,-0.014268861970098495
2024-08-12,0.0077013608999099833,0.0084655910615887408,-0.0021371019378694043,-0.021418714104668574,-0.026942571314973431,0.03203044394185086,0.037027025867647431,-0.012041677087595137,-5.9096989764118035,3.3425275590860006,14.250079650445123,-9.2387918605970647,-0.00048602202396585715,-0.01248113317961912
2024-08-13,-0.0041112166427333743,0.02302825435081967,0.0017509060765771266,0.011837618615903302,-0.039820155039353301,-0.17452817311120128,-0.032329725046992323,0.031899173104674716,7.2972718232055698,0.14628773436011375,-12.936202182907035,-0.68251481120069724,0.0019505138380784784,-0.096976559992080227
2024-08-14,0.012162062235563258,0.0010584964769888327,0.0060477657815390861,0.0053557124302327491,-0.07246996533362518,0.013202854751056953,-0.02579265731726528,0.016587598109090777,10.131042745093513,-5.939423111821819,9.8782387809982097,-0.25995345447412571,0.0023123731240656557,0.043216480000076302
2024-08-15,0.015028895931667039,0.015361157730813323,-0.006022746318484251,-0.013448370496160879,0.049441973794053178,0.053880521726557801,0.0061483337678971579,0.032404121715512879,1.7173895521838018,-7.3850147755322464,-6.0578547715866078,-2.7864682113616235,-0.0052952279858564611,0.024287676703099285
2024-08-16,-0.020353117953629585,0.013438932862540857,0.0046424322010792133,-0.02361705918297247,0.085931835673795171,0.0061553931928864736,-0.15700060515827199,-0.00057783827895067788,-5.7599035048127289,1.0381127396519596,4.9919963496363504,5.7911613305434271,-0.0063183149083767855,-0.032648361819459772
2024-08-19,-0.035537800134030011,-0.0059210006084278325,0.014206168415184751,-0.0047280696670822875,0.0004428915017396945,0.023958640180675332,-0.090466601705348607,-0.06794936696613052,-4.8025021545451718,-9.7888843482190264,2.8140611650349165,15.198717578567019,-0.0040164522169524354,0.017561028395816341
2024-08-20,0.0027207439608520328,0.0055161853521142213,-0.012321563169141648,-0.020181392367939057,0.042928474304995974,-0.11339200587775741,-0.11790363722296637,0.064745182286956013,-1.5954717973222883,4.6785920285808009,5.802533674101702,2.2540060020520074,0.0037417879492992845,-0.0038150400868784446
2024-08-21,-0.0050998578141700059,0.00010967117879631167,0.011719760158591951,-0.0028659078333144162,-0.094840708175028918,0.062176930952035206,-0.024780672201818718,-0.1698940950723441,-3.4691489562681213,-10.638960459874063,2.6939457168075465,-12.606965970204453,0.0016494741185235813,0.031670881265225242
2024-08-22,0.0031811534618603754,0.0095380711720784491,0.0044284321125688765,0.006193931931163927,0.062722750330626881,-0.10930756419306858,-0.07954843234664985,0.0063858046947470621,-4.1433836706072302,3.093962452287693,2.6283948137376543,-0.148396849428822,-0.007315920408193944,0.016882998545456256
2024-08-23,-0.0037300689991093708,0.00088288915954072371,0.0062947387563670213,0.0081433466545135381,0.074623674201212978,0.036133458584688444,-0.035902437862719856,-0.0099565990082814051,10.843106239008328,-1.8581102759006278,1.9760780989457922,1.0939241432668014,-0.007787561770032256,0.043796367712520837
2024-08-26,-0.0072738218330092655,0.0075408886084905678,-0.0035763867614658743,-0.0064945604038390567,-0.011791420638881622,0.013823250133943477,-0.017326695153142866,-0.020265052104214001,-3.7723099516879133,14.054545495937006,-7.6178280706274428,-15.808788160341722,-0.00015920047119269981,-0.050907895498305558
2024-08-27,-0.0073745592142055311,0.015299346526153052,0.019566933250139827,-0.011466951917799669,-0.066646798112944078,-0.010821959080516374,0.056167141993310979,0.0045562865566062642,-2.1759987301217154,-6.330314486384192,6.3394043345957671,-2.940240149154266,-0.01003623337398884,-0.0060049317605668021
2024-08-28,0.010228330097826482,0.01845667804900691,0.017279250659628015,0.005318942284309164,0.023884586546092716,-0.1407913629224169,0.027824283405912337,0.019652484794055673,1.8353868268356284,-2.5563019837116476,3.6378739181655209,-5.4474805956394476,-0.0064198105330301103,-0.16990763994054806
2024-08-29,0.02058771246189757,-0.0029658007022105343,-0.0010342918811986253,-0.01673835860517485,0.083621822577703828,-0.087262599314886488,-0.012464362676252887,0.097209877369958508,-8.4846385409213543,-3.752415652969221,6.6663575877981298,-7.8959117193767607,-0.0093892745184385226,0.0034074813094400855
2024-08-30,-0.025201994944014955,-0.00027808577450890717,-0.017250694611821025,-0.021026608649298402,-0.010148438777446894,0.06959161283804248,0.081765030832761432,-0.10143634523377004,-11.217102749808346,-0.53342798750375187,7.8945544531879062,-3.2472082118356553,0.0052412787475828032,0.083913031585669026
2024-09-02,0.0045469957885712836,0.013647492267032256,-0.00075148127269478941,0.00053669412931997389,-0.005063806747285249,0.079486234021256014,-0.036513239003421669,0.0064831332189203882,-0.33599506925562772,-4.2047471404359245,-10.26785566384657,2.7103684340529375,-0.0065562258223413441,0.068384627912595225
2024-09-03,-0.014832292451768953,-0.0022387095440583793,0.023819082963791205,0.001596166617956644,-0.031570524265026337,0.15668426120778781,0.063917952959412244,-0.0092354666877104679,-2.4352251760941428,-5.7410560827299557,0.31732262293432417,2.8334005536378015,0.0080307610134697678,0.0023983346305506111
2024-09-04,2.7388600478049516e-05,0.0047232729618325413,-0.0039307628370569879,0.0038758394367752773,0.046757280428180746,-0.03936077470109741,-0.046861566344048491,-0.069143443610450286,2.3176773170488842,10.338110168319059,5.1166831081009905,7.5672694819003885,-0.0098059104820121343,0.0050833520569320504
2024-09-05,-0.0037725402107534407,0.012381882709304098,-0.030878635899682299,0.0073792478662362557,-0.13298019035498251,0.22074334073686053,-0.053656905088762842,0.055029440786426451,3.48544096168661,1.0197681724840895,-1.3032361807065109,4.891660344213248,0.0030108176426832858,0.030114419320110546
2024-09-06,-0.013916984664620061,0.0086584052298572384,0.0054323781206144662,0.0091409437953889998,0.014655501742000953,-0.032315314649149655,0.035737326501520707,-0.01158244220380783,3.613547944279655,3.3815155999269821,-8.5332612938453032,-3.0713261964128757,0.012144945436514206,-0.036251773062843967
2024-09-09,0.011395117083832897,0.0075038346669455708,0.015155371711953625,-0.0031755783939159247,-0.012463158522600545,-0.082599650717075701,-0.020554554556117731,0.0062906340740804942,3.8409041690338297,3.1308332637755671,2.7062431683776147,-3.1085542361566603,0.0081869330332705239,0.031941808045517814
2024-09-10,0.027455186951716493,0.01143441919651599,-0.0066611593865660455,0.010639836769570397,0.0079303241235181132,0.13578095453004102,-0.049828265329425303,0.040593673398500806,1.360384484730117,-8.9674849603104931,6.0728085288760472,12.089310767344225,0.0013910627630720853,-0.089045971356960421
2024-09-11,0.015197559539879368,-0.0090830024808425409,0.017827377267437515,0.018225337673448531,0.12009130205976547,-0.13896495229244601,0.046863552650342477,-0.046690835330509578,-2.7512058805986865,9.4210267669418908,-2.5150225326621372,-6.2051810454443634,-0.001134251609665344,0.061874502267604978
2024-09-12,0.023615225664183094,0.026699958094113681,0.023470583899519285,0.021416918358620585,-0.11274877412439983,-0.16421841842176713,-0.11488173315308813,-0.003230824588128648,4.585893847128145,11.655075206479825,-11.647498299809465,5.9624011450709347,0.0031222426003360655,-0.059464482767598199
2024-09-13,-0.0014258916896900814,-0.024700539827516702,-0.013369118147360528,-0.0040997615090332274,0.034058209879707251,0.050072420206680103,0.02041847052967825,-0.074709149654120163,6.7946884260184452,2.8560648823467494,1.6258567765949712,2.8392029594586141,0.0024234630552646811,0.040494043348059852
2024-09-16,-0.0011511133756018767,-0.012699462327694512,0.01703750552469898,0.024863206350959524,-0.046866350639881434,-0.13014123318924642,-0.0023232506992587549,0.083849596448318631,10.724184031512003,9.5397214766794782,2.6804073673269824,-2.7675013420005889,-0.00094867484155842098,0.0044673808076227048
2024-09-17,-0.026650753495853746,-0.014727282393731478,-0.0021040321735882601,0.01790990461929181,0.10317899967105115,-0.047267679741170007,0.0087140670467121904,-0.033625313785496817,-2.4251457817254218,-0.061896515015286258,2.3855346993513762,-1.0008517782805626,-0.0016533193036876704,0.062462403017660061
2024-09-18,-0.0063732150906586132,-0.0011912346208498381,-0.0084087906446191508,-0.0025528067670111815,-0.12638157985557313,-0.0088233195559047472,0.052489863797845537,-0.037328059617802833,7.2532535869137424,-1.7044213325437338,-5.6437284771608871,-4.6544258170767048,-0.0025977591475851492,0.040430524893429957
2024-09-19,-0.0015816481766535925,-0.013272206932959213,-0.015917775599530903,-0.018744838689256964,0.084543292460032143,0.008587297706464294,-0.031124121485512555,-0.014963885338311687,6.6833732864238309,-6.5618744552843591,-1.7661334115021452,-2.5397161881839203,-0.0011733891816941657,0.037880052060063694
2024-09-20,-0.00092383068004687704,0.0057528664923705407,0.0056123560384916046,-0.00046271422269426085,0.0019837707523511208,0.0088211090437267173,-0.025212042930348084,-0.017505832876488867,2.7221474756832924,5.0012404197584717,5.3479663994478441,-1.644236247074552,-0.0038114025107963407,0.013747553501184402
2024-09-23,-0.017527112681795447,0.004458874229050969,-0.00094438537870877002,-0.0052162973823739805,-0.026515992760996292,0.074625920709684906,-0.050571874780899646,-0.035066610631017008,-1.8391147071052951,6.5481836221714627,0.35349676542533842,-6.2665478376142323,0.0032649382505461314,-0.00068122945459776426
2024-09-24,0.011146208079337888,0.025971351322297827,0.02192960222249133,-0.0034284172978196513,-0.055135386780997747,-0.096825644003452394,-0.055344978333551627,0.012944660603237271,-6.887039867423022,1.6117651156847048,6.3857102309106164,-2.1111525900804917,-0.0017013542951829811,0.0261273134435153
2024-09-25,0.019174599647359361,0.0082784633390360907,0.0053325447919231389,-0.010527817226962555,-0.080736168665679356,-0.025128145680419347,-0.050246171642029748,-0.06106106392627645,-12.858308257572157,13.913432058053113,2.6693354778916749,-7.6340734982088643,0.0018046843293504922,-0.057978194893481612
2024-09-26,0.0082316786543559055,0.0015943776332908977,-0.0074040826250777875,0.016813097127833087,-0.0057473814688347152,0.10804729692181109,0.020961327150045238,-0.035891252797553438,11.563566383251265,-5.0194834095864493,-1.6858231731846181,-6.0177519546021196,0.0064132700184950662,0.056132024422833486
2024-09-27,0.011545995098992123,-0.01003727786167739,-0.020803711375159521,0.020768667946408741,-0.030693871100880576,-0.043535953314874969,-0.0045625542895983678,0.075919271432439928,7.0672690338691098,-2.2042253667031977,1.6436322153545655,-2.9210624901524924,0.0062922705161621148,0.055882660162135923
2024-09-30,0.0036666352454700762,0.0010197588769399475,0.0048115331381959319,0.013423157817215302,-0.11073804856687568,0.025513775981651766,-0.1076968478482619,-0.010197451835123697,0.28596645053846009,-0.70053419204570166,-1.0023226700209982,-11.352077482512845,0.00013200144738171861,-0.051081330943988736
2024-10-01,0.0076527834569755909,-0.011311021506230709,0.017532495016267788,-0.013949484516386947,-0.085962623500853055,-0.071884987557354257,0.042021363731087676,-0.023597704803135243,-0.64191484914767649,10.939429446772811,7.5143612568134639,-2.9043010718008224,-0.00091167104980930899,0.09412963400867834
2024-10-02,-0.0052531560338760748,0.0011508849957693316,0.013842938299812084,0.0037094460219074168,0.057939814440915442,-0.048017133395136476,0.077776094926398795,-0.032707453112668108,0.41282685996034951,-7.750991734554761,-5.0792750305959764,6.3126697008708996,-0.0012277760044275493,0.057779245960069898
2024-10-03,0.0084992276268320618,-0.0010319198410872099,0.00085927252016835859,0.010986040956094716,-0.10706140816264904,-0.0046448461331033775,0.040277163181540232,-0.014941344048955594,-3.967283642318332,2.5314828017112077,-11.153000770533518,-4.8283561959913577,0.0033142156600102072,0.12948057014635925
2024-10-04,0.016549230871686381,0.018427136591167431,0.0202684462762595,0.0010041536329667314,-0.042923145531571477,-0.045722275457785073,0.11304022011368238,-0.052947556131272645,3.9496801363575802,-6.6880793310663114,-0.49510882350566415,-4.3201200163214466,0.0084668890335676435,0.040820750485850696
2024-10-07,-0.00076336709494359111,-0.0098599208009341639,-0.0076900988034379241,-0.0060454245835711469,0.14673549604128755,-0.021098957795700073,0.078808461529841056,0.046044112552392984,-1.5001438226705726,0.35092934811403864,-1.6057811765159873,10.821399464711893,0.0065012984254885003,-0.026321035853588109
2024-10-08,-0.0075117594735830268,0.0030061606720774041,-0.00087817203206216421,0.0077879215530709004,0.024202723807728706,0.014517591090309543,0.047536310868631672,0.083707839285841981,-4.132553475151667,2.9911861705372433,-5.8024227464407216,4.2575830847182612,-0.0010564911346221258,0.012514010280677421
2024-10-09,0.008067408499605043,0.007372677918923598,-0.018226482348452887,-0.006171080320842323,-0.10334531653573364,0.045902006589312865,-0.01313680099940091,0.044077784551901582,-7.1152204860064092,-7.1188665299573906,-13.058598398901593,10.549744674767965,-0.014050269699074478,0.071599827512993985
2024-10-10,-0.0056322255390130463,0.0073586545384301738,0.013360832795630261,-0.0036951127292031592,-0.06835164504609241,0.036321852038688179,-0.0031464109161229267,-0.00020826394594351114,-0.68506540925535542,-2.5485954365835499,9.1519147590252885,-3.5313996265778869,-0.0044796554664207804,-0.046745246656923728
2024-10-11,-0.0193916561564812,0.0013963092018653238,-0.0033584758192673255,0.017309823321482575,-0.0090520080831647913,0.038834220513306546,0.011645588526291084,0.043606323364114713,2.3442421672054863,3.3384582869926565,6.5032356933668147,-3.8092790714850797,-0.0081250346993858875,0.075080242809787548
2024-10-14,-0.0049323562090419337,-0.010349113126097095,0.0018669014463221834,0.010930233390429409,-0.038284514678549451,-0.059290456785671894,-0.0081406571519664558,0.037977225775257327,4.7077390097103669,16.722164160564272,6.2009701401408446,-8.3730035688312352,-0.0030226468857725624,-0.015124433679907038
2024-10-15,-0.017814386699047779,0.0033397198947985049,0.018470210623659077,0.0095435829515952593,0.041390213607365958,0.00010517863318021682,-0.029155559846214443,0.085622821529659346,4.8671873910584802,-7.8319230605265036,-8.0866314021494681,0.64351421055497626,-0.0020308744859641879,0.10799952128417678
2024-10-16,-0.007573983054686287,0.0031956155567660709,0.0081095410373084598,0.0034467332591649052,0.010790645522650246,-0.040787748180064171,0.1233751127146389,0.037123681229722906,-0.34178700039423804,1.690421920091123,-0.28138802311287026,-3.6126666474354696,0.0035868576024728816,0.083201344027151097
2024-10-17,-0.0011881419775404199,-0.0019071791088600782,-0.0030849587547644788,-0.00070031536755261212,0.022000985365657266,-0.04500160170468305,-0.025342716233229551,-0.14170672507455692,-0.059607242596629473,3.3858906465326086,1.3129220624976508,-1.7125846054035314,0.0022620045782685248,0.02578171617105178
2024-10-18,0.015159994437854372,-0.001559357530843421,-0.0094062866456627887,0.0061525307710000709,0.044451168834569246,0.031381009298778094,0.0114586477563864,-0.016340545950720674,-11.871636422574086,-3.0808476180564108,-6.2251085295177617,-1.6779627646584516,-0.0013727273091227673,0.022085441986268162
2024-10-21,-0.0080134137899436058,-0.009621575533513383,-0.012859636760931801,-0.0048742465534793392,0.079042170026250663,0.12673404546886835,-0.047413245233980023,0.071728547633463272,5.5871116105689476,-6.7069548841931832,-1.708760722386697,-10.810973928623946,-0.010742535311059816,-0.11851469294947592
2024-10-22,-0.0088860582775049501,0.011692335832888087,0.0068568340259712183,-0.016673635653582382,-0.028635380578824584,-0.014384437619972674,0.029146683828955976,0.015508045659387293,-5.0114390272825569,-3.5540255021072644,-0.067923805766814047,-4.9203994053322955,-0.0031890681945462972,0.014321294391581236
2024-10-23,0.0085457878791086427,-0.01031107278427979,-0.0074211880042860841,-0.023827226474087082,-0.071190522716152699,0.037011906837814149,-0.09397012998175247,0.022757803875153866,-11.123852693206395,12.37315814792972,11.609345633193424,7.3174017131277811,0.0016940497044124938,-0.083809207253943474
2024-10-24,0.00022390025689600257,-0.0075996660308168817,0.0021022056687753157,-0.0021226317432530908,-0.083095718559067486,-0.024227396871592487,0.083694341005796091,-0.059466094266817947,0.46013268606279828,-4.5799497105726212,10.690812980530257,-3.65006542141343,0.0064006672345794709,-0.0078993918846285288
2024-10-25,-0.024647474390504489,-0.0091666775011059604,-0.0062768176402195324,-0.0056874095319056645,0.028309745747988137,0.047455193233082602,-0.0043843626159597287,0.07109315923341232,6.7202617497029538,3.8145823375689782,-10.936498288137653,2.7786920458967552,0.0066355811789038681,0.018258676629414751
2024-10-28,0.0055370548306817417,0.0052437722575055263,-0.026319285744076486,0.022343404300512872,-0.14173146955947211,0.082872011788776387,-0.0066136368076153626,-0.00767911071185832,-4.0577318378216543,-0.71877624840935728,-6.8613040138377634,-3.0558490077543303,0.0026488469753286211,-0.089377791752054542
2024-10-29,-0.0029816245263080731,-0.009029192337248599,-0.00080978939123963801,-0.0056922725561678652,0.037681149153908314,-0.081620371496032323,-0.066235891670693534,0.028021549993720342,-11.777349995448541,-9.7131171783043335,0.93188312844164378,19.60716712363773,-0.012226071893447182,0.11618046741998864
2024-10-30,-0.013563357911212274,-0.01949326307539101,-0.017055324942211167,0.020313082378675587,0.030197000591416112,0.054787515420102795,-0.048479117777733616,0.05677647238135599,-9.5029396302692621,7.16624571302353,-10.024268382589554,0.93638100558275428,-0.0029193956990637656,0.064140724265784876
2024-10-31,-0.0070443130086715183,-0.017704622833421401,-0.0063303318248872434,-0.013391382695167223,-0.012240831354780433,-0.0012372605362986531,0.060852945031415924,-0.056050544519148773,-14.221255289686917,-1.9131884060872042,-6.5317241853655776,12.12474073946183,0.006868303235422462,0.071144771403937823
2024-11-01,-0.0096799559150424971,-0.0098557128945423057,-0.007189622987837492,0.01285438245018963,-0.10250100291142099,-0.075538511761924748,0.010649888564482351,-0.026836058221984295,9.4149495009710495,-13.812631019143064,4.0978309313413881,8.7677855439392065,0.0045690555800261675,0.020957028946045154
2024-11-04,0.0032820916231567927,-0.0014031479232958673,0.0042094000264635513,0.012160192563552195,0.066272831271760341,0.094597837492709211,-0.017502782803746026,-0.023405114147893161,7.1808536440460529,-2.6228310255125722,1.8510991362642371,-1.6265809875389459,-0.0065862182212012444,-0.092045995370617709
2024-11-05,0.00024690870969007196,0.00034818862578209637,-0.014401148295970417,-0.015669794699517937,0.017344262941824035,0.053650537700030435,0.00092237517653587697,0.017660311911852668,3.31266516918464,10.59563466792393,3.7576712092360802,-20.864514563508319,-0.0018620962081300598,0.055362331370139822
2024-11-06,-0.022545275176141133,0.013240387725521715,0.023409912139498123,-0.011596824511315877,-0.066705341435633406,0.076344285944229387,-0.056462942943411296,0.018810965690370746,-1.27555518491527,-1.7747422185596957,-3.997642938028533,10.381804015682366,0.0025344508808629019,0.030409731580921723
2024-11-07,-0.021100896797864616,-0.01638853201288764,0.0035400832499270446,-0.013032175039068858,0.074589949704718675,-0.011929596056758789,-0.00080887510524076209,-0.11023660781510587,-7.4527053237191438,5.6167033564099045,9.9415111767268929,-14.718478181437874,1.7778729925226979e-05,-0.0061356418669885719
2024-11-08,-0.014766478943512958,0.010314719931735598,-0.010013919788286984,0.020623511240051389,-0.12071670740534481,0.04120243957034464,-0.095525356982292323,0.1757356511038648,-7.8845462347468001,4.613340337751926,6.6171802577697507,-5.6207287799646419,0.0063042538818906708,0.01994409552175835
2024-11-11,-0.0009509890611886072,0.0014628124457753378,0.016360632678354796,-0.0010583721416489915,0.1169652619679059,0.051189388387100243,0.039268722036714783,0.027769504892380784,4.0288216397831071,-15.520614812551319,-0.27777473511670886,0.032346714140277733,-0.00090002688250512709,-0.086311735227509609
2024-11-12,0.014555935726582364,-0.010204023422796325,-0.0029412650397201284,-0.00047471875109125392,-0.11647280989787324,-0.02335493823310952,0.083412964602706405,0.03722241304810528,-2.6789161684044291,9.2775117744736697,-20.129486374903159,-7.6028422980708772,0.00022318350373876634,0.12898756587144525
2024-11-13,0.0065199928389891113,0.013652774907868762,0.00096205315617109964,0.0050604016722130257,0.14404372500299606,-9.5270132467211748e-05,-0.0026026346083252534,0.045748478563699332,-3.8132808491405021,12.903161826503844,0.48190786890629567,5.0274687048535887,0.0036354220322154583,0.074066511975803231
2024-11-14,0.017455243737446426,0.017065538730338389,0.00055525830631263345,-0.0074341530838694615,0.015295784913960725,0.13227231620809349,-0.0375621154206775,-0.082904817826947474,7.0725606287039273,-9.799457288132654,-3.9182937620756242,0.94431641856718485,0.0064391190430898165,-0.072054700699242663
2024-11-15,-0.014042940682082443,-0.004557512224980618,0.018317446698094431,-0.006106982037330776,-0.10503799965866743,-0.04214560812489937,-0.084030180111377945,0.033297441081429693,-14.383623211350447,3.1408213784368693,-0.33636258861777502,-4.6446218826976198,-0.0045599511968238346,-0.096723573646205083
